name,birthday,follower,following,sex,level
bishi,09-19,34142,1,男,4
柴刀娘木木,01-08,10394,118,女,6
Lizeqiangds,08-21,372,15,男,3
mikumiku没穿内裤,01-01,1104,52,保密,5
幻想乡,01-01,1172,3,男,5
春哥,01-01,194,0,保密,2
腹黑君,01-01,1068,9,保密,5
囧囧倉,01-01,1606,13,男,4
Tzwcard,01-01,1063,19,保密,4
MagicBear,03-28,2334,32,男,3
枢木朱雀,04-24,759,11,保密,4
碧诗,09-19,627190,157,男,6
初音ミク,01-01,420,1,女,3
Nico,,120,27,保密,3
荼荼丸,01-01,62925,1,男,6
暁の赤月,01-21,1767,8,男,5
WEIghtness,02-02,206,154,女,5
Frerik,10-09,329,206,保密,5
大大大罐头,07-30,786,196,保密,6
