,answer_count,articles_count,avatar_url,avatar_url_template,badge,follower_count,gender,headline,id,is_advertiser,is_followed,is_following,is_org,name,type,url,url_token,user_type,vip_info
0,170,34,https://pic2.zhimg.com/v2-b9d9f5b70087d8411a46acc10571d375_is.jpg,https://pic2.zhimg.com/v2-b9d9f5b70087d8411a46acc10571d375_{size}.jpg,[],3133,1,推动中国科研体制进步，从状告无良导师做起。我来打头阵！,309852e9ad18d42ac266727e6a922c07,False,False,False,False,教无良导师做人,people,https://www.zhihu.com/people/309852e9ad18d42ac266727e6a922c07,long-ma-46-16,people,{'is_vip': False}
1,303,35,https://pic2.zhimg.com/2d7543258729a53a9de0eb9e369fa8f9_is.jpg,https://pic2.zhimg.com/2d7543258729a53a9de0eb9e369fa8f9_{size}.jpg,"[{'type': 'best_answerer', 'description': '优秀回答者', 'topics': [{'id': '19554091', 'avatar_url': 'https://pic1.zhimg.com/3dc1abe04_is.jpg', 'type': 'topic', 'name': '数学', 'introduction': '数学（mathematics，源自希腊语 μάθημα（máthēma）；经常被缩写为 math 或 maths），是研究数量、结构、变化、空间以及信息等概念的一门学科。从某种角度看，属于形式科学的一种。数学家和哲学家对数学的确切范围和定义有一系列的看法。而在人类历史发展和社会生活中，数学也发挥着不可替代的作用。数学也是学习和研究现代自然科学、技术与社会科学必不可少的基本工具。', 'url': 'https://www.zhihu.com/topics/19554091', 'excerpt': '数学（mathematics，源自希腊语 μάθημα（máthēma）；经常被缩写为 math 或 maths），是研究数量、结构、变化、空间以及信息等概念的一门学科。从某种角度看，属于形式科学的一种。数学家和哲学家对数学的确切范围和定义有一系列的看法。而在人类历史发展和社会生活中，数学也发挥着不可替代的作用。数学也是学习和研究现代自然科学、技术与社会科学必不可少的基本工具。'}]}]",9324,1,二次元学术宅,0d55949a9c0208f011c99a44238d65d2,False,False,False,False,等待飞翔,people,https://www.zhihu.com/people/0d55949a9c0208f011c99a44238d65d2,deng-dai-fei-xiang-63,people,"{'vip_icon': {'night_mode_url': 'https://pic3.zhimg.com/50/v2-c9686ff064ea3579730756ac6c289978_r.png', 'url': 'https://pic2.zhimg.com/50/v2-034fefe15c83232cb448718998719d34_r.png'}, 'is_vip': True}"
2,571,0,https://pic4.zhimg.com/c9001eb5bd12682844a5f3359b6b7b13_is.jpg,https://pic4.zhimg.com/c9001eb5bd12682844a5f3359b6b7b13_{size}.jpg,[],4302,1,化学PhD,ac0a27ec367935c31e1168b69b65cd26,False,False,False,False,Grenadier,people,https://www.zhihu.com/people/ac0a27ec367935c31e1168b69b65cd26,grenadier,people,{'is_vip': False}
3,12,1,https://pic1.zhimg.com/v2-3d0001c45d23707c48a573e6fb4c451c_is.jpg,https://pic1.zhimg.com/v2-3d0001c45d23707c48a573e6fb4c451c_{size}.jpg,[],3407,0,怕什么真理无穷，进一寸有进一寸的欢喜,52e3150da0dd6da40c6308171c58fa63,False,False,False,False,Ruixi Zhang,people,https://www.zhihu.com/people/52e3150da0dd6da40c6308171c58fa63,zhang-rui-xi-57,people,{'is_vip': False}
4,198,0,https://pic3.zhimg.com/v2-69d47a4564dc5ab8a7d971dbbf27d5d2_is.jpg,https://pic3.zhimg.com/v2-69d47a4564dc5ab8a7d971dbbf27d5d2_{size}.jpg,"[{'description': '南洋理工大学 微电子博士', 'type': 'identity'}]",564,1,"My heart is not cold, but broken.",f555fb78b64105c863e43c0eaccc658e,False,False,False,False,多克特梨,people,https://www.zhihu.com/people/f555fb78b64105c863e43c0eaccc658e,dr_li,people,{'is_vip': False}
5,196,4,https://pic4.zhimg.com/37b11a4b94aa3dafbb32717c957a358f_is.jpg,https://pic4.zhimg.com/37b11a4b94aa3dafbb32717c957a358f_{size}.jpg,"[{'type': 'best_answerer', 'description': '优秀回答者', 'topics': [{'id': '19560496', 'avatar_url': 'https://pic2.zhimg.com/5d2768ee3e24ef3a843d6098473b0ab9_is.jpg', 'type': 'topic', 'name': '流体力学', 'introduction': '力学的一个分支，主要研究在各种力的作用下，流体本身的静止状态和运动状态以及流体和固体界壁间有相对运动时的相互作用和流动规律。', 'url': 'https://www.zhihu.com/topics/19560496', 'excerpt': '力学的一个分支，主要研究在各种力的作用下，流体本身的静止状态和运动状态以及流体和固体界壁间有相对运动时的相互作用和流动规律。'}]}]",5746,0,"Look hard, think harder.",8a2af01bc96d90ae7d288e2dc396b430,False,False,False,False,Jennyfool,people,https://www.zhihu.com/people/8a2af01bc96d90ae7d288e2dc396b430,jennyfool,people,"{'vip_icon': {'night_mode_url': 'https://pic3.zhimg.com/50/v2-c9686ff064ea3579730756ac6c289978_r.png', 'url': 'https://pic2.zhimg.com/50/v2-034fefe15c83232cb448718998719d34_r.png'}, 'is_vip': True}"
6,285,60,https://pic4.zhimg.com/v2-381c7b636c50991ba94163c7b4739aa7_is.jpg,https://pic4.zhimg.com/v2-381c7b636c50991ba94163c7b4739aa7_{size}.jpg,[],58809,0,(๑•̀ㅂ•́) ✧公众号：萌酥种草机,9b5407838fcee7db79111c55e51bedbf,False,False,False,False,萌酥,people,https://www.zhihu.com/people/9b5407838fcee7db79111c55e51bedbf,liu-su-46-13,people,{'is_vip': False}
7,161,14,https://pic1.zhimg.com/v2-6c1486e82bfca7d93c132b842dfec2c4_is.jpg,https://pic1.zhimg.com/v2-6c1486e82bfca7d93c132b842dfec2c4_{size}.jpg,[],91,1,最后一曲华沙奏响，他们永不再老去……,736a7163ea3ae380b75a9033923a06bf,False,False,False,False,明天,people,https://www.zhihu.com/people/736a7163ea3ae380b75a9033923a06bf,ming-tian-68-58-79,people,{'is_vip': False}
8,36,6,https://pic3.zhimg.com/v2-2f3f5660ac5bd8d847ff118acf99346e_is.jpg,https://pic3.zhimg.com/v2-2f3f5660ac5bd8d847ff118acf99346e_{size}.jpg,[],3429,1,失败群：bit.ly/2HjYgz8      微博：@狗食,624ad4ec3e4360ddcfb84eae21ddb2a8,False,False,False,False,立党,people,https://www.zhihu.com/people/624ad4ec3e4360ddcfb84eae21ddb2a8,dang.xinran,people,{'is_vip': False}
9,92,13,https://pic4.zhimg.com/v2-5610df4c0dbec3382ce798634e7d6027_is.jpg,https://pic4.zhimg.com/v2-5610df4c0dbec3382ce798634e7d6027_{size}.jpg,"[{'description': '加州大学伯克利分校 理论化学博士在读', 'type': 'identity'}, {'type': 'best_answerer', 'description': '优秀回答者', 'topics': [{'id': '19556950', 'avatar_url': 'https://pic3.zhimg.com/7a7dfc72e_is.jpg', 'type': 'topic', 'name': '物理学', 'introduction': '物理学（physics）是一门自然科学，主要研究的是时空中的物质及其运动，注重于物质、能量、时空（时间/空间）三者各自的性质与彼此之间的相互关系。更广义地说，物理学探索分析大自然所发生的现象，目的是要了解其规则。<br><br>作为自然科学的带头学科，物理学研究大至宇宙，小至基本粒子等一切物质最基本的运动形式和规律，因此成为其他各自然科学学科的研究基础。它的理论结构充分地运用数学作为自己的工作语言，以实验作为检验理论正确性的唯一标准，它是当今最精密的一门自然科学学科。', 'url': 'https://www.zhihu.com/topics/19556950', 'excerpt': '物理学（physics）是一门自然科学，主要研究的是时空中的物质及其运动，注重于物质、能量、时空（时间/空间）三者各自的性质与彼此之间的相互关系。更广义地说，物理学探索分析大自然所发生的现象，目的是要了解其规则。 作为自然科学的带头学科，物理学研究大至宇宙，小至基本粒子等一切物质最基本的运动形式和规律，因此成为其他各自然科学学科的研究基础。它的理论结构充分地运用数学作为自己的工作语言，以实验作为检验理论…'}]}]",5543,1,复杂系统/统计物理/机器预习业余爱好者,37706a3c85c04303a42011fd2413b36b,False,False,False,False,董玉龙,people,https://www.zhihu.com/people/37706a3c85c04303a42011fd2413b36b,dong-yu-long-37,people,{'is_vip': False}
10,82,121,https://pic3.zhimg.com/v2-d60a040bf25a2f6bbfa4eb6891656ade_is.jpg,https://pic3.zhimg.com/v2-d60a040bf25a2f6bbfa4eb6891656ade_{size}.jpg,[],205,0,溅射镀膜、蒸发镀膜、合金熔炼材料工程师，蒂姆新材料,6135aa6a1faa648ccf287dfdcd4ba8c8,False,False,False,False,沈光蕙,people,https://www.zhihu.com/people/6135aa6a1faa648ccf287dfdcd4ba8c8,di-mu-xin-cai-liao,people,{'is_vip': False}
11,172,16,https://pic3.zhimg.com/v2-3fbebaf193bce0fbc274f6262b80cf12_is.jpg,https://pic3.zhimg.com/v2-3fbebaf193bce0fbc274f6262b80cf12_{size}.jpg,[],2734,1,划水搞科研,4dfce8b8b51880e405d56ac2fc196f18,False,False,False,False,FOREST.Z,people,https://www.zhihu.com/people/4dfce8b8b51880e405d56ac2fc196f18,forestz-53,people,{'is_vip': False}
12,42,0,https://pic2.zhimg.com/v2-d0c528dd6e39b70fd776c82737d76f45_is.jpg,https://pic2.zhimg.com/v2-d0c528dd6e39b70fd776c82737d76f45_{size}.jpg,[],576,1,我不是曾博，我只是曾博的迷弟 ,8e7ca7632b623b0cdce5ac154ffa75ee,False,False,False,False,勃韭菜,people,https://www.zhihu.com/people/8e7ca7632b623b0cdce5ac154ffa75ee,la-pu-la-si-80-77,people,{'is_vip': False}
13,21,0,https://pic1.zhimg.com/v2-0e213dc9f96b1f4cc523d29e0ceb30a4_is.jpg,https://pic1.zhimg.com/v2-0e213dc9f96b1f4cc523d29e0ceb30a4_{size}.jpg,[],304,1,转混战略咨询的千年博士后生物科研狗,f680ef5084fdad699899378eaf62d5ee,False,False,False,False,windyhawk,people,https://www.zhihu.com/people/f680ef5084fdad699899378eaf62d5ee,windyhawk,people,{'is_vip': False}
14,73,129,https://pic1.zhimg.com/3bd5d54a457ea642e693648b49b2495c_is.jpg,https://pic1.zhimg.com/3bd5d54a457ea642e693648b49b2495c_{size}.jpg,[],10630,1,投资人,4735cce127addcedc38470543c4ff409,False,False,False,False,硅谷王川,people,https://www.zhihu.com/people/4735cce127addcedc38470543c4ff409,gui-gu-wang-chuan,people,{'is_vip': False}
15,174,4,https://pic4.zhimg.com/v2-9f52ab8b197bd5c905e365edac56668f_is.jpg,https://pic4.zhimg.com/v2-9f52ab8b197bd5c905e365edac56668f_{size}.jpg,[],3423,1,逆流而上,58c9fc80e85c3a6d1b099a0c65c1a574,False,False,False,False,李炜,people,https://www.zhihu.com/people/58c9fc80e85c3a6d1b099a0c65c1a574,li-wei-24-51,people,{'is_vip': False}
16,23,0,https://pic2.zhimg.com/v2-c8aed169c26a1b5168c4bfe787c2a495_is.jpg,https://pic2.zhimg.com/v2-c8aed169c26a1b5168c4bfe787c2a495_{size}.jpg,[],728,1,想进群的加凡伟微信18787170573,6206d6254055d873caca8487a95ff3d6,False,False,False,False,凡姓民科语录选,people,https://www.zhihu.com/people/6206d6254055d873caca8487a95ff3d6,guo-qi-fan-wei-yu-lu-jing-xuan,people,{'is_vip': False}
17,120,8,https://pic4.zhimg.com/dbdbaa20b30d33f7d9d7cd910363233f_is.png,https://pic4.zhimg.com/dbdbaa20b30d33f7d9d7cd910363233f_{size}.png,[],5177,1,一个严肃的人,923eb7b5d4719ab83664a3ba45795b29,False,False,False,False,William Sun,people,https://www.zhihu.com/people/923eb7b5d4719ab83664a3ba45795b29,Friedrich_Sun,people,{'is_vip': False}
18,219,1,https://pic3.zhimg.com/v2-da4b7a3556ab9c7cf13772606cc9894e_is.jpg,https://pic3.zhimg.com/v2-da4b7a3556ab9c7cf13772606cc9894e_{size}.jpg,[],1002,1,四非高校小小青椒,39e883f9ed9073b1b8f9c539bd638528,False,False,False,False,淡腾铲屎官二号,people,https://www.zhihu.com/people/39e883f9ed9073b1b8f9c539bd638528,huaxuechanshiguan-66,people,{'is_vip': False}
19,224,0,https://pic1.zhimg.com/v2-402e8d43e9c95a6e754947ebb51175a8_is.jpg,https://pic1.zhimg.com/v2-402e8d43e9c95a6e754947ebb51175a8_{size}.jpg,[],273,1,科大少年班 布朗大学博士 篮球爱好者,2f9e60deca1b8834ad33ae9f9ba1e1f6,False,False,False,False,克里斯藤藤,people,https://www.zhihu.com/people/2f9e60deca1b8834ad33ae9f9ba1e1f6,ke-li-si-teng-teng,people,{'is_vip': False}
20,880,2,https://pic1.zhimg.com/v2-ce3a22a68c5c6b50069556996e5f5b0c_is.jpg,https://pic1.zhimg.com/v2-ce3a22a68c5c6b50069556996e5f5b0c_{size}.jpg,[],2523,0,,cf25dfb3cbe70ca1009a83a533489161,False,False,False,False,但丁,people,https://www.zhihu.com/people/cf25dfb3cbe70ca1009a83a533489161,pi-lie,people,{'is_vip': False}
21,49,2,https://pic3.zhimg.com/a18d59812_is.jpg,https://pic3.zhimg.com/a18d59812_{size}.jpg,[],1316,1,微分几何拓扑,6dde5bde0b07ea653bb21a68b4a0dda7,False,False,False,False,汪湜,people,https://www.zhihu.com/people/6dde5bde0b07ea653bb21a68b4a0dda7,wang-shi-80-62,people,{'is_vip': False}
22,143,162,https://pic3.zhimg.com/v2-3d981cde23727795e6f655fab546c6b6_is.jpg,https://pic3.zhimg.com/v2-3d981cde23727795e6f655fab546c6b6_{size}.jpg,[],5318,1,公众号“明眸壮游&#34;，每周五晚8点人文讲座,1811085c41804612bf38f6d64804be32,False,False,False,False,姚逸凡,people,https://www.zhihu.com/people/1811085c41804612bf38f6d64804be32,yao-yi-fan,people,{'is_vip': False}
23,41,0,https://pic4.zhimg.com/v2-7e480eebd74156d3836c83655ddd83cf_is.jpg,https://pic4.zhimg.com/v2-7e480eebd74156d3836c83655ddd83cf_{size}.jpg,[],568,-1,苦逼科研狗，但不是单身狗，爱旅游，爱骑车，也爱做实验，就是不爱提炼科学性,5be3661c7dda7c370ca68716cf4df99f,False,False,False,False,苦逼科研狗,people,https://www.zhihu.com/people/5be3661c7dda7c370ca68716cf4df99f,qing-qing-lin-quan-84,people,{'is_vip': False}
24,1683,23,https://pic1.zhimg.com/v2-f7a3b70a4600caebd4c853e7b12ee244_is.jpg,https://pic1.zhimg.com/v2-f7a3b70a4600caebd4c853e7b12ee244_{size}.jpg,[],30112,1,人们只愿意看到自己想要看到的东西,eee1a40ac26662c60156610d39972c46,False,False,False,False,俗不可耐,people,https://www.zhihu.com/people/eee1a40ac26662c60156610d39972c46,present-is-gift,people,{'is_vip': False}
25,17,11,https://pic2.zhimg.com/v2-4a6ee14c017cadd924c060c0b3b259f1_is.jpg,https://pic2.zhimg.com/v2-4a6ee14c017cadd924c060c0b3b259f1_{size}.jpg,"[{'description': 'Rutgers University 电子工程专业博士在读', 'type': 'identity'}]",1298,1,半导体器件/留学生,b460c9823d21fa7296500e473a872476,False,False,False,False,氧化锌,people,https://www.zhihu.com/people/b460c9823d21fa7296500e473a872476,li-guang-yuan-15,people,{'is_vip': False}
26,95,0,https://pic1.zhimg.com/da8e974dc_is.jpg,https://pic1.zhimg.com/da8e974dc_{size}.jpg,[],5229,1,一个布尔什维克,85f3b4ef9df06eb9f778f305326c41de,False,False,False,False,Marxist Von,people,https://www.zhihu.com/people/85f3b4ef9df06eb9f778f305326c41de,marxist-von,people,{'is_vip': False}
27,6,62,https://pic3.zhimg.com/0b925133a_is.jpg,https://pic3.zhimg.com/0b925133a_{size}.jpg,"[{'description': '英国利兹大学 化学博士', 'type': 'identity'}]",3041,0,更多留学干货/生活分享，请关注微信公众号：毛毛虫Claire,e1cc6ca0ffd34f33d6085d24b1ae3d13,False,False,False,False,毛毛虫Claire,people,https://www.zhihu.com/people/e1cc6ca0ffd34f33d6085d24b1ae3d13,mao-mao-chong-claire,people,{'is_vip': False}
28,15,8,https://pic2.zhimg.com/v2-609ac77d4b3d85968b11adc8339897a1_is.jpg,https://pic2.zhimg.com/v2-609ac77d4b3d85968b11adc8339897a1_{size}.jpg,"[{'type': 'best_answerer', 'description': '优秀回答者', 'topics': [{'id': '19556950', 'avatar_url': 'https://pic3.zhimg.com/7a7dfc72e_is.jpg', 'type': 'topic', 'name': '物理学', 'introduction': '物理学（physics）是一门自然科学，主要研究的是时空中的物质及其运动，注重于物质、能量、时空（时间/空间）三者各自的性质与彼此之间的相互关系。更广义地说，物理学探索分析大自然所发生的现象，目的是要了解其规则。<br><br>作为自然科学的带头学科，物理学研究大至宇宙，小至基本粒子等一切物质最基本的运动形式和规律，因此成为其他各自然科学学科的研究基础。它的理论结构充分地运用数学作为自己的工作语言，以实验作为检验理论正确性的唯一标准，它是当今最精密的一门自然科学学科。', 'url': 'https://www.zhihu.com/topics/19556950', 'excerpt': '物理学（physics）是一门自然科学，主要研究的是时空中的物质及其运动，注重于物质、能量、时空（时间/空间）三者各自的性质与彼此之间的相互关系。更广义地说，物理学探索分析大自然所发生的现象，目的是要了解其规则。 作为自然科学的带头学科，物理学研究大至宇宙，小至基本粒子等一切物质最基本的运动形式和规律，因此成为其他各自然科学学科的研究基础。它的理论结构充分地运用数学作为自己的工作语言，以实验作为检验理论…'}]}]",2828,0,,d92de21230945da74ad6d2395bb837d8,False,False,False,False,Paprika,people,https://www.zhihu.com/people/d92de21230945da74ad6d2395bb837d8,shaoxinwang,people,{'is_vip': False}
29,34,5,https://pic3.zhimg.com/v2-77c3de9841d5a6ed09e9dbb0fa073792_is.jpg,https://pic3.zhimg.com/v2-77c3de9841d5a6ed09e9dbb0fa073792_{size}.jpg,[],1108,1,全球宏观对冲基金经理，微信公众号: GlobalMacroHedge ,ee84a6be9da1cc7ad990b240837e1f3f,False,False,False,False,付鹏的财经世界,people,https://www.zhihu.com/people/ee84a6be9da1cc7ad990b240837e1f3f,fupengshuo,people,{'is_vip': False}
30,457,114,https://pic1.zhimg.com/v2-21a02c4b69fb219c57838721ef2d8460_is.jpg,https://pic1.zhimg.com/v2-21a02c4b69fb219c57838721ef2d8460_{size}.jpg,"[{'description': '北京科技大学 新金属材料国家重点实验室博士在读', 'type': 'identity'}, {'type': 'best_answerer', 'description': '优秀回答者', 'topics': [{'id': '19556950', 'avatar_url': 'https://pic3.zhimg.com/7a7dfc72e_is.jpg', 'type': 'topic', 'name': '物理学', 'introduction': '物理学（physics）是一门自然科学，主要研究的是时空中的物质及其运动，注重于物质、能量、时空（时间/空间）三者各自的性质与彼此之间的相互关系。更广义地说，物理学探索分析大自然所发生的现象，目的是要了解其规则。<br><br>作为自然科学的带头学科，物理学研究大至宇宙，小至基本粒子等一切物质最基本的运动形式和规律，因此成为其他各自然科学学科的研究基础。它的理论结构充分地运用数学作为自己的工作语言，以实验作为检验理论正确性的唯一标准，它是当今最精密的一门自然科学学科。', 'url': 'https://www.zhihu.com/topics/19556950', 'excerpt': '物理学（physics）是一门自然科学，主要研究的是时空中的物质及其运动，注重于物质、能量、时空（时间/空间）三者各自的性质与彼此之间的相互关系。更广义地说，物理学探索分析大自然所发生的现象，目的是要了解其规则。 作为自然科学的带头学科，物理学研究大至宇宙，小至基本粒子等一切物质最基本的运动形式和规律，因此成为其他各自然科学学科的研究基础。它的理论结构充分地运用数学作为自己的工作语言，以实验作为检验理论…'}]}]",45762,1,喜欢玩沙子 计算物理 无序系统 非晶 向机器学习进发,5bb9cc994a9029c26ed767f197c8cccd,False,False,False,False,yang元祐,people,https://www.zhihu.com/people/5bb9cc994a9029c26ed767f197c8cccd,huo-bo-li,people,{'is_vip': False}
31,44,0,https://pic2.zhimg.com/v2-0e4b284933a73422c6fdcbbb53d948a1_is.jpg,https://pic2.zhimg.com/v2-0e4b284933a73422c6fdcbbb53d948a1_{size}.jpg,[],5729,1,Harvard University，graduate student,7c9940b7ac4aa5429bc27b4688eed1c7,False,False,False,False,冲气以为和,people,https://www.zhihu.com/people/7c9940b7ac4aa5429bc27b4688eed1c7,Chonghe_Wang,people,"{'vip_icon': {'night_mode_url': 'https://pic3.zhimg.com/50/v2-c9686ff064ea3579730756ac6c289978_r.png', 'url': 'https://pic2.zhimg.com/50/v2-034fefe15c83232cb448718998719d34_r.png'}, 'is_vip': True}"
32,423,417,https://pic2.zhimg.com/v2-810e40bd03df759f23a2cbf7869ee53d_is.jpg,https://pic2.zhimg.com/v2-810e40bd03df759f23a2cbf7869ee53d_{size}.jpg,"[{'description': '特许金融分析师（CFA）持证人', 'type': 'identity'}]",62673,1,微信公众号: 伍治坚证据主义,635187eb936df0c48fdaa20a23c052a6,False,False,False,False,伍治坚,people,https://www.zhihu.com/people/635187eb936df0c48fdaa20a23c052a6,wuzhijiansingapore,people,{'is_vip': False}
33,18,0,https://pic3.zhimg.com/v2-0cc85cde4d7ffdfe943f1de0e202d892_is.jpg,https://pic3.zhimg.com/v2-0cc85cde4d7ffdfe943f1de0e202d892_{size}.jpg,[],881,0,猫,fb071989956c32a3d151d77a09ce4be8,False,False,False,False,cat町猫咖,people,https://www.zhihu.com/people/fb071989956c32a3d151d77a09ce4be8,catting-mao-ka,people,{'is_vip': False}
34,33,1,https://pic2.zhimg.com/v2-4fa7d887dc7eb8fc37a630b467e23531_is.jpg,https://pic2.zhimg.com/v2-4fa7d887dc7eb8fc37a630b467e23531_{size}.jpg,[],2187,0,个人职业交易员,71899184ca821f17c6f0d5a92a018c9f,False,False,False,False,喜欢交易的女孩,people,https://www.zhihu.com/people/71899184ca821f17c6f0d5a92a018c9f,jian-lou-nu-wang,people,{'is_vip': False}
35,37,0,https://pic1.zhimg.com/da8e974dc_is.jpg,https://pic1.zhimg.com/da8e974dc_{size}.jpg,[],2736,1,不以物喜，不以己悲,993cf58200330626ee6cb7a1349c6560,False,False,False,False,Zhaoheng Guo,people,https://www.zhihu.com/people/993cf58200330626ee6cb7a1349c6560,zhaoheng-guo,people,{'is_vip': False}
36,5,0,https://pic3.zhimg.com/v2-0881e0ea6f7619c3c5ca71021ea3cfc6_is.jpg,https://pic3.zhimg.com/v2-0881e0ea6f7619c3c5ca71021ea3cfc6_{size}.jpg,[],2807,1,老实人,5e8d3f12257f0d56cdeb5b73265753c5,False,False,False,False,冰拿铁加Splenda,people,https://www.zhihu.com/people/5e8d3f12257f0d56cdeb5b73265753c5,llllg,people,{'is_vip': False}
37,205,36,https://pic3.zhimg.com/fb1ea9bfa_is.jpg,https://pic3.zhimg.com/fb1ea9bfa_{size}.jpg,"[{'description': '上海大学 理学院副教授', 'type': 'identity'}, {'type': 'best_answerer', 'description': '优秀回答者', 'topics': [{'id': '19562906', 'avatar_url': 'https://pic3.zhimg.com/f5b4524ab48273ed913a113d84ba009e_is.png', 'type': 'topic', 'name': '化学', 'introduction': '化学（chemistry）是自然科学的一门分支，是在分子、原子层次上研究物质的组成、性质、结构与变化规律的科学。世界由物质组成，化学则是人类用以认识和改造物质世界的主要方法和手段之一。', 'url': 'https://www.zhihu.com/topics/19562906', 'excerpt': '化学（chemistry）是自然科学的一门分支，是在分子、原子层次上研究物质的组成、性质、结构与变化规律的科学。世界由物质组成，化学则是人类用以认识和改造物质世界的主要方法和手段之一。'}, {'id': '19556950', 'avatar_url': 'https://pic3.zhimg.com/7a7dfc72e_is.jpg', 'type': 'topic', 'name': '物理学', 'introduction': '物理学（physics）是一门自然科学，主要研究的是时空中的物质及其运动，注重于物质、能量、时空（时间/空间）三者各自的性质与彼此之间的相互关系。更广义地说，物理学探索分析大自然所发生的现象，目的是要了解其规则。<br><br>作为自然科学的带头学科，物理学研究大至宇宙，小至基本粒子等一切物质最基本的运动形式和规律，因此成为其他各自然科学学科的研究基础。它的理论结构充分地运用数学作为自己的工作语言，以实验作为检验理论正确性的唯一标准，它是当今最精密的一门自然科学学科。', 'url': 'https://www.zhihu.com/topics/19556950', 'excerpt': '物理学（physics）是一门自然科学，主要研究的是时空中的物质及其运动，注重于物质、能量、时空（时间/空间）三者各自的性质与彼此之间的相互关系。更广义地说，物理学探索分析大自然所发生的现象，目的是要了解其规则。 作为自然科学的带头学科，物理学研究大至宇宙，小至基本粒子等一切物质最基本的运动形式和规律，因此成为其他各自然科学学科的研究基础。它的理论结构充分地运用数学作为自己的工作语言，以实验作为检验理论…'}]}]",7904,1,站内信一般不回复！,990e58b37ce6fb9862041a3d2ee77ec9,False,False,False,False,Yongle Li,people,https://www.zhihu.com/people/990e58b37ce6fb9862041a3d2ee77ec9,yongle-li-86,people,{'is_vip': False}
38,10,0,https://pic4.zhimg.com/v2-b628274bef88e863a4d5d3c6d032ddf3_is.jpg,https://pic4.zhimg.com/v2-b628274bef88e863a4d5d3c6d032ddf3_{size}.jpg,[],37,0,,85c88c8176b3e25021f0ed9631d9bd1d,False,False,False,False,Moin,people,https://www.zhihu.com/people/85c88c8176b3e25021f0ed9631d9bd1d,shen_dian,people,{'is_vip': False}
39,399,0,https://pic1.zhimg.com/v2-cdc542b638b5e9bd6024b9db4adaa584_is.jpg,https://pic1.zhimg.com/v2-cdc542b638b5e9bd6024b9db4adaa584_{size}.jpg,[],4185,1,材料砖工/量化码农/PM训练师/塘朗村老实人,548aa1f0818cf7197557dd91cdaf7f85,False,False,False,False,千张,people,https://www.zhihu.com/people/548aa1f0818cf7197557dd91cdaf7f85,qian-zhang-26-83,people,{'is_vip': False}
40,50,15,https://pic4.zhimg.com/v2-d74f03d9ba58158c469353433f0417d7_is.jpg,https://pic4.zhimg.com/v2-d74f03d9ba58158c469353433f0417d7_{size}.jpg,"[{'description': '高分子科学博士', 'type': 'identity'}]",380,1,isolated event,c7a741a686a3306ed0aaea74d78b5d95,False,False,False,False,original,people,https://www.zhihu.com/people/c7a741a686a3306ed0aaea74d78b5d95,liu-polymer,people,{'is_vip': False}
41,5,0,https://pic3.zhimg.com/0f09b5dec116d7dd2f59237fd9b0e6ba_is.jpg,https://pic3.zhimg.com/0f09b5dec116d7dd2f59237fd9b0e6ba_{size}.jpg,[],10,1,,90c31189e0830038989521bb60072438,False,False,False,False,陈旭阳,people,https://www.zhihu.com/people/90c31189e0830038989521bb60072438,chen-xu-yang-16,people,{'is_vip': False}
42,196,8,https://pic4.zhimg.com/v2-aba761c3db16505731ae0d56d278b117_is.jpg,https://pic4.zhimg.com/v2-aba761c3db16505731ae0d56d278b117_{size}.jpg,"[{'type': 'best_answerer', 'description': '优秀回答者', 'topics': [{'id': '19813032', 'avatar_url': 'https://pic2.zhimg.com/5d3c206139ca2124997418db09b0bb11_is.jpg', 'type': 'topic', 'name': '深度学习（Deep Learning）', 'introduction': '深度学习的概念源于人工神经网络的研究。含多隐层的多层感知器就是一种深度学习结构。深度学习通过组合低层特征形成更加抽象的高层表示属性类别或特征，以发现数据的分布式特征表示。深度学习的概念由Hinton等人于2006年提出。基于深度置信网络(DBN)提出非监督贪心逐层训练算法，为解决深层结构相关的优化难题带来希望，随后提出多层自动编码器深层结构。此外Lecun等人提出的卷积神经网络是第一个真正多层结构学习算法，它利用空间相对关系减少参数数目以提高训练性能。深度学习是机器学习中一种基于对数据进行表征学习的方法。观测值（例如一幅图像）可以使用多种方式来表示，如每个像素强度值的向量，或者更抽象地表示成一系列边、特定形状的区域等。而使用某些特定的表示方法更容易从实例中学习任务（例如，人脸识别或面部表情识别）。深度学习的好处是用非监督式或半监督式的特征学习和分层特征提取高效算法来替代手工获取特征。深度学习是机器学习研究中的一个新的领域，其动机在于建立、模拟人脑进行分析学习的神经网络，它模仿人脑的机制来解释数据，例如图像，声音和文本。同机器学习方法一样，深度机器学习方法也有监督学习与无监督学习之分．不同的学习框架下建立的学习模型很是不同．例如，卷积神经网络（Convolutional neural networks，简称CNNs）就是一种深度的监督学习下的机器学习模型，而深度置信网（Deep Belief Nets，简称DBNs）就是一种无监督学习下的机器学习模型。', 'url': 'https://www.zhihu.com/topics/19813032', 'excerpt': '深度学习的概念源于人工神经网络的研究。含多隐层的多层感知器就是一种深度学习结构。深度学习通过组合低层特征形成更加抽象的高层表示属性类别或特征，以发现数据的分布式特征表示。深度学习的概念由Hinton等人于2006年提出。基于深度置信网络(DBN)提出非监督贪心逐层训练算法，为解决深层结构相关的优化难题带来希望，随后提出多层自动编码器深层结构。此外Lecun等人提出的卷积神经网络是第一个真正多层结构学习算法，它利用空…'}]}]",26533,1,深度学习/MXNet中文社区 https://discuss.gluon.ai,e82eed9cc724d983c41ad59483b90fdc,False,False,False,False,解浚源,people,https://www.zhihu.com/people/e82eed9cc724d983c41ad59483b90fdc,eric314,people,{'is_vip': False}
43,0,0,https://pic3.zhimg.com/v2-f029997525c50a0076c7f88062800f96_is.jpg,https://pic3.zhimg.com/v2-f029997525c50a0076c7f88062800f96_{size}.jpg,[],2,0,Project Management,e2a19f5b4f7bca0398b546457d561715,False,False,False,False,Dopaminereceptor,people,https://www.zhihu.com/people/e2a19f5b4f7bca0398b546457d561715,wxe6b5aeb03b602c10,people,{'is_vip': False}
44,62,6,https://pic1.zhimg.com/ca117f9b77be2e094c2ea5808dc5d440_is.jpg,https://pic1.zhimg.com/ca117f9b77be2e094c2ea5808dc5d440_{size}.jpg,[],4928,1,利率交易员，美债接盘侠,1ece92252c571dc323fe2bcf2cb3284d,False,False,False,False,小切糕,people,https://www.zhihu.com/people/1ece92252c571dc323fe2bcf2cb3284d,xiao-qie-gao-85,people,{'is_vip': False}
45,205,5,https://pic3.zhimg.com/v2-2a4feb21f08e5af3d040a81f500713c6_is.jpg,https://pic3.zhimg.com/v2-2a4feb21f08e5af3d040a81f500713c6_{size}.jpg,"[{'description': '注册会计师（CPA）持证人', 'type': 'identity'}]",15063,1, 硬核鸡汤，安排上了 ,6f44ccaed96261094e02349d0722ed5e,False,False,False,False,纽约鸡汤君,people,https://www.zhihu.com/people/6f44ccaed96261094e02349d0722ed5e,sunlight123,people,{'is_vip': False}
46,103,2,https://pic2.zhimg.com/v2-5449793cf0c78d626b9edc21a2f6c3ed_is.jpg,https://pic2.zhimg.com/v2-5449793cf0c78d626b9edc21a2f6c3ed_{size}.jpg,[],14623,0,Student Counselor,525e2d395d8d00006ed60fdb1f64a4a2,False,False,False,False,波特兰花,people,https://www.zhihu.com/people/525e2d395d8d00006ed60fdb1f64a4a2,xiao-wang-63-77,people,{'is_vip': False}
47,86,6,https://pic3.zhimg.com/v2-03e1f4188f7775426635d05aa26ed4a6_is.jpg,https://pic3.zhimg.com/v2-03e1f4188f7775426635d05aa26ed4a6_{size}.jpg,[],1861,1,PhD student in ILCC@Edin/NLP/DL/Bayesian,e1b5fab493418504f3ce84a180a8d7b0,False,False,False,False,斤木,people,https://www.zhihu.com/people/e1b5fab493418504f3ce84a180a8d7b0,kevinxu-63,people,"{'vip_icon': {'night_mode_url': 'https://pic3.zhimg.com/50/v2-c9686ff064ea3579730756ac6c289978_r.png', 'url': 'https://pic2.zhimg.com/50/v2-034fefe15c83232cb448718998719d34_r.png'}, 'is_vip': True}"
48,46,0,https://pic1.zhimg.com/v2-9056213e1b27cce486479a7dd034e73c_is.jpg,https://pic1.zhimg.com/v2-9056213e1b27cce486479a7dd034e73c_{size}.jpg,[],213,0,成为每天都很开心的逗比，office Power BI 初级玩家,b4b44b97ec17721f32e62db1ac8e0d4f,False,False,False,False,CC Monica,people,https://www.zhihu.com/people/b4b44b97ec17721f32e62db1ac8e0d4f,cc-monica-MM,people,{'is_vip': False}
49,505,21,https://pic3.zhimg.com/1abe8d0c6_is.jpg,https://pic3.zhimg.com/1abe8d0c6_{size}.jpg,[],162093,1,微信公众号：【凯申日记本】（ID：changtalk）,8b631098c175cd87ae961a868b2180b6,False,False,False,False,常凯申,people,https://www.zhihu.com/people/8b631098c175cd87ae961a868b2180b6,chang-kai-shen-32,people,{'is_vip': False}
50,735,2,https://pic4.zhimg.com/v2-9a80c6f11ead436c2eec8f7a33ea014f_is.jpg,https://pic4.zhimg.com/v2-9a80c6f11ead436c2eec8f7a33ea014f_{size}.jpg,[],7389,1,我爱你，但也会爱上别人，在他们像你的时候。,ebbfc11ec92925ae1596fd418d756fa3,False,False,False,False,猫命贵,people,https://www.zhihu.com/people/ebbfc11ec92925ae1596fd418d756fa3,lixk2016,people,{'is_vip': False}
51,0,0,https://pic4.zhimg.com/v2-827471fec4d1039d047c2979eb8206d3_is.jpg,https://pic4.zhimg.com/v2-827471fec4d1039d047c2979eb8206d3_{size}.jpg,[],1,0,学生,18dde7f10e0da78d995a0390f03f586e,False,False,False,False,甲小燕儿,people,https://www.zhihu.com/people/18dde7f10e0da78d995a0390f03f586e,jia-xiao-yan-er,people,{'is_vip': False}
52,72,29,https://pic1.zhimg.com/v2-c3ef8fbe09305e038fd1121b938b615c_is.jpg,https://pic1.zhimg.com/v2-c3ef8fbe09305e038fd1121b938b615c_{size}.jpg,"[{'description': '哈佛大学 设计学硕士在读', 'type': 'identity'}]",47127,0,玩设计的科技女,be4be26b9eea4686a08b6b53057df0c4,False,False,False,False,Iris Pan,people,https://www.zhihu.com/people/be4be26b9eea4686a08b6b53057df0c4,iris.pan,people,{'is_vip': False}
53,656,81,https://pic1.zhimg.com/v2-79fa88b3c604dbb53ab67b924c1b47e0_is.jpg,https://pic1.zhimg.com/v2-79fa88b3c604dbb53ab67b924c1b47e0_{size}.jpg,"[{'description': '清华大学 管理科学与工程博士在读', 'type': 'identity'}]",80074,1,微信公众号：五道口老实人报。,5cc7a463c19fc2c9443bd64e3e192c18,False,False,False,False,江踏歌,people,https://www.zhihu.com/people/5cc7a463c19fc2c9443bd64e3e192c18,jianghanchen,people,{'is_vip': False}
54,209,45,https://pic3.zhimg.com/ca6bf4bb82d9cf152b618edcbda01606_is.jpg,https://pic3.zhimg.com/ca6bf4bb82d9cf152b618edcbda01606_{size}.jpg,[],20574,1,公众号：Python之禅，二十次幂邀请码私信我,ba286d02fd9701a446d68ba85d0755c0,False,False,False,False,刘志军,people,https://www.zhihu.com/people/ba286d02fd9701a446d68ba85d0755c0,zhijun-liu,people,"{'vip_icon': {'night_mode_url': 'https://pic3.zhimg.com/50/v2-c9686ff064ea3579730756ac6c289978_r.png', 'url': 'https://pic2.zhimg.com/50/v2-034fefe15c83232cb448718998719d34_r.png'}, 'is_vip': True}"
55,43,8,https://pic3.zhimg.com/v2-bc4f967b7356fb26534d3b5fab30eb0e_is.jpg,https://pic3.zhimg.com/v2-bc4f967b7356fb26534d3b5fab30eb0e_{size}.jpg,[],31150,0,爱研究社交网络的21岁魔都菇凉～坐标欧洲，传播学在读。,5fefa92eb9dde1515c634581ca21082b,False,False,False,False,Coffee Wu,people,https://www.zhihu.com/people/5fefa92eb9dde1515c634581ca21082b,coffee-wu,people,{'is_vip': False}
56,160,219,https://pic4.zhimg.com/v2-f1c5dd65f4d8df27fa0a45aa0c5a912f_is.jpg,https://pic4.zhimg.com/v2-f1c5dd65f4d8df27fa0a45aa0c5a912f_{size}.jpg,"[{'description': '已认证的官方帐号', 'type': 'identity'}]",153501,-1,看看这个荒诞而有趣的世界。公众号：pic163,f92d6584f1bac2a8bbc810056d46b2b5,False,False,False,True,网易看客,people,https://www.zhihu.com/people/f92d6584f1bac2a8bbc810056d46b2b5,wang-yi-kan-ke,organization,{'is_vip': False}
57,710,55,https://pic2.zhimg.com/v2-9c904975abf95b6d54ac97f1d5e4f905_is.jpg,https://pic2.zhimg.com/v2-9c904975abf95b6d54ac97f1d5e4f905_{size}.jpg,"[{'description': '中国科学院/新加坡国立大学 光学工程博士在读', 'type': 'identity'}, {'type': 'best_answerer', 'description': '优秀回答者', 'topics': [{'id': '19561671', 'avatar_url': 'https://pic1.zhimg.com/v2-eca29e9db2411719717d80736a9d2604_is.jpg', 'type': 'topic', 'name': '光学', 'introduction': '光学（Optics）是物理学的重要分支学科，也是与光学工程技术相关的学科。今天常说的光学指的是研究电磁辐射的产生、传播、接收和显示，及其与物质相互作用的科学，但着重研究的范围是从红外到紫外波段。它是物理学的一个重要组成部分。', 'url': 'https://www.zhihu.com/topics/19561671', 'excerpt': '光学（Optics）是物理学的重要分支学科，也是与光学工程技术相关的学科。今天常说的光学指的是研究电磁辐射的产生、传播、接收和显示，及其与物质相互作用的科学，但着重研究的范围是从红外到紫外波段。它是物理学的一个重要组成部分。'}, {'id': '19556950', 'avatar_url': 'https://pic3.zhimg.com/7a7dfc72e_is.jpg', 'type': 'topic', 'name': '物理学', 'introduction': '物理学（physics）是一门自然科学，主要研究的是时空中的物质及其运动，注重于物质、能量、时空（时间/空间）三者各自的性质与彼此之间的相互关系。更广义地说，物理学探索分析大自然所发生的现象，目的是要了解其规则。<br><br>作为自然科学的带头学科，物理学研究大至宇宙，小至基本粒子等一切物质最基本的运动形式和规律，因此成为其他各自然科学学科的研究基础。它的理论结构充分地运用数学作为自己的工作语言，以实验作为检验理论正确性的唯一标准，它是当今最精密的一门自然科学学科。', 'url': 'https://www.zhihu.com/topics/19556950', 'excerpt': '物理学（physics）是一门自然科学，主要研究的是时空中的物质及其运动，注重于物质、能量、时空（时间/空间）三者各自的性质与彼此之间的相互关系。更广义地说，物理学探索分析大自然所发生的现象，目的是要了解其规则。 作为自然科学的带头学科，物理学研究大至宇宙，小至基本粒子等一切物质最基本的运动形式和规律，因此成为其他各自然科学学科的研究基础。它的理论结构充分地运用数学作为自己的工作语言，以实验作为检验理论…'}]}]",59468,1,走过万水千山，赞美花和云朵,78ec370ed5e10a91ce6a862f3cbb5884,False,False,False,False,看风景的蜗牛君,people,https://www.zhihu.com/people/78ec370ed5e10a91ce6a862f3cbb5884,gua-niu-97,people,"{'vip_icon': {'night_mode_url': 'https://pic3.zhimg.com/50/v2-c9686ff064ea3579730756ac6c289978_r.png', 'url': 'https://pic2.zhimg.com/50/v2-034fefe15c83232cb448718998719d34_r.png'}, 'is_vip': True}"
58,441,94,https://pic4.zhimg.com/v2-2136abf2d4081f2ee9493cd1f10109e3_is.jpg,https://pic4.zhimg.com/v2-2136abf2d4081f2ee9493cd1f10109e3_{size}.jpg,"[{'description': '爱丁堡大学 商学院助理教授', 'type': 'identity'}, {'type': 'best_answerer', 'description': '优秀回答者', 'topics': [{'id': '19560170', 'avatar_url': 'https://pic4.zhimg.com/30ffc337a555a56877aebdab9c5042f7_is.jpg', 'type': 'topic', 'name': '经济学', 'introduction': '经济学是研究人类经济活动的规律即价值的创造、转化、实现的规律——经济发展规律的理论，分为政治经济学与科学经济学两大类型。政治经济学根据所代表的阶级的利益为了突出某个阶级在经济活动中的地位和作用自发从某个侧面研究价值规律或经济规律，科学经济学自觉从整体上研究价值规律或经济规律。对称经济学就是科学经济学。经济学的核心是经济规律；在对称经济学看来，资源的优化配置与优化再生只是经济规律的展开和具体表现，经济学的对象应该是资源优化配置与优化再生后面的经济规律与经济本质，而不是停留在资源的优化配置与优化再生层面。停留在资源的优化配置与优化再生层面的，是政治经济学而不是科学的经济学。要研究经济发展的规律就必须从整体上统一研究经济现象，宏观经济与微观经济是统一的经济体中对称的两个方面，所以在科学的对称经济学范式框架中，有宏观经济与微观经济之分，没有宏观经济学与微观经济学之别；而政治经济学总是把经济学分为宏观经济学与微观经济学。', 'url': 'https://www.zhihu.com/topics/19560170', 'excerpt': '经济学是研究人类经济活动的规律即价值的创造、转化、实现的规律——经济发展规律的理论，分为政治经济学与科学经济学两大类型。政治经济学根据所代表的阶级的利益为了突出某个阶级在经济活动中的地位和作用自发从某个侧面研究价值规律或经济规律，科学经济学自觉从整体上研究价值规律或经济规律。对称经济学就是科学经济学。经济学的核心是经济规律；在对称经济学看来，资源的优化配置与优化再生只是经济规律的展开和具体表现，…'}, {'id': '19567962', 'avatar_url': 'https://pic3.zhimg.com/43efd061747369b1f03cc2c34adca45e_is.jpg', 'type': 'topic', 'name': '博弈论', 'introduction': '博弈论又被称为对策论（Game Theory），既是现代数学的一个新分支，也是运筹学的一个重要学科。博弈论主要研究公式化了的激励结构间的相互作用，是研究具有斗争或竞争性质现象的数学理论和方法。 博弈论考虑游戏中的个体的预测行为和实际行为，并研究它们的优化策略。生物学家使用博弈理论来理解和预测进化论的某些结果。博弈论已经成为经济学的标准分析工具之一。在金融学、证券学、生物学、经济学、国际关系、计算机科学、政治学、军事战略和其他很多学科都有广泛的应用。', 'url': 'https://www.zhihu.com/topics/19567962', 'excerpt': '博弈论又被称为对策论（Game Theory），既是现代数学的一个新分支，也是运筹学的一个重要学科。博弈论主要研究公式化了的激励结构间的相互作用，是研究具有斗争或竞争性质现象的数学理论和方法。 博弈论考虑游戏中的个体的预测行为和实际行为，并研究它们的优化策略。生物学家使用博弈理论来理解和预测进化论的某些结果。博弈论已经成为经济学的标准分析工具之一。在金融学、证券学、生物学、经济学、国际关系、计算机科学、政治…'}, {'id': '19552981', 'avatar_url': 'https://pic2.zhimg.com/v2-b761e41f19531e4899892e9197de40dd_is.jpg', 'type': 'topic', 'name': '经济', 'introduction': '经济是价值的创造、转化与实现；人类经济活动就是创造、转化、实现价值，满足人类物质文化生活需要的活动。简单地说，经济就是对物资的管理；是对人们生产、使用、处理、分配一切物资这一整体动态现象的总称。这一概念微观的指一个家庭的家务管理，宏观的指一个国家的经国济民。在这一动态整体中，包括着人类的生产、储蓄、交换、分配的各项活动；生产是这一动态的基础，分配是这一动态的终点。', 'url': 'https://www.zhihu.com/topics/19552981', 'excerpt': '经济是价值的创造、转化与实现；人类经济活动就是创造、转化、实现价值，满足人类物质文化生活需要的活动。简单地说，经济就是对物资的管理；是对人们生产、使用、处理、分配一切物资这一整体动态现象的总称。这一概念微观的指一个家庭的家务管理，宏观的指一个国家的经国济民。在这一动态整体中，包括着人类的生产、储蓄、交换、分配的各项活动；生产是这一动态的基础，分配是这一动态的终点。'}]}]",383168,1,三国英雄士，四朝经济臣,06916ab5292b620917a7be1b4945a19d,False,False,False,False,司马懿,people,https://www.zhihu.com/people/06916ab5292b620917a7be1b4945a19d,divinites,people,"{'vip_icon': {'night_mode_url': 'https://pic3.zhimg.com/50/v2-c9686ff064ea3579730756ac6c289978_r.png', 'url': 'https://pic2.zhimg.com/50/v2-034fefe15c83232cb448718998719d34_r.png'}, 'is_vip': True}"
59,52,0,https://pic1.zhimg.com/da8e974dc_is.jpg,https://pic1.zhimg.com/da8e974dc_{size}.jpg,[],2459,1,“知止而后有定，定而后能静，静而后能安，安而后能虑，虑而后能得。”,37ed7744679c6f4e1f8434ed16ee5879,False,False,False,False,森骄阳,people,https://www.zhihu.com/people/37ed7744679c6f4e1f8434ed16ee5879,junglesun,people,{'is_vip': False}
60,21,1,https://pic4.zhimg.com/v2-5e775a0f2573685320e951e543a8c71f_is.jpg,https://pic4.zhimg.com/v2-5e775a0f2573685320e951e543a8c71f_{size}.jpg,[],1713,0,TMT战投/独立音乐人,b13d0ca38e7f202312907feedcccec9c,False,False,False,False,王盈樨,people,https://www.zhihu.com/people/b13d0ca38e7f202312907feedcccec9c,hopechong,people,{'is_vip': False}
61,11,0,https://pic1.zhimg.com/v2-96d2b274f0a823eabd90c15680f8e8f4_is.jpg,https://pic1.zhimg.com/v2-96d2b274f0a823eabd90c15680f8e8f4_{size}.jpg,[],407,0,考古队员,adad12848773a33a27c3e15de3d94393,False,False,False,False,殷商时代,people,https://www.zhihu.com/people/adad12848773a33a27c3e15de3d94393,da-wang-44-7,people,{'is_vip': False}
62,32,0,https://pic1.zhimg.com/638641652061657db7b8118de6ce9664_is.jpg,https://pic1.zhimg.com/638641652061657db7b8118de6ce9664_{size}.jpg,[],974,0,sloth,8ad78846caab92317c92a91d5aba0aee,False,False,False,False,吴晓晗,people,https://www.zhihu.com/people/8ad78846caab92317c92a91d5aba0aee,xiaohansloth,people,{'is_vip': False}
63,7,0,https://pic2.zhimg.com/v2-a5c0d0214176e050187acdbbe1d5bc71_is.jpg,https://pic2.zhimg.com/v2-a5c0d0214176e050187acdbbe1d5bc71_{size}.jpg,[],5,1,一个即将转行的坡县物理博士,e777b9a031a4faeeef7f06cfc44b1890,False,False,False,False,照晓薪,people,https://www.zhihu.com/people/e777b9a031a4faeeef7f06cfc44b1890,zhao-xin-79-33,people,{'is_vip': False}
64,29,0,https://pic4.zhimg.com/v2-856129a0df641737eefc1b211a46c7e3_is.jpg,https://pic4.zhimg.com/v2-856129a0df641737eefc1b211a46c7e3_{size}.jpg,[],2919,1,加籍华人 米国临床医学博士,11019b3dc65b86497f7b4979420da4f6,False,False,False,False,小D,people,https://www.zhihu.com/people/11019b3dc65b86497f7b4979420da4f6,xiao-d-91-48,people,{'is_vip': False}
65,13,253,https://pic2.zhimg.com/v2-48052332696569957e8cfae4f8e77ad9_is.jpg,https://pic2.zhimg.com/v2-48052332696569957e8cfae4f8e77ad9_{size}.jpg,[],23,1,黄金分析师,5a0851b424f56f05d666576d258e3ede,False,False,False,False,金宏仓,people,https://www.zhihu.com/people/5a0851b424f56f05d666576d258e3ede,jin-hong-cang,people,{'is_vip': False}
66,188,6,https://pic2.zhimg.com/v2-77cf2fd12432cd1de8e3c04d0f2ba0c5_is.jpg,https://pic2.zhimg.com/v2-77cf2fd12432cd1de8e3c04d0f2ba0c5_{size}.jpg,[],12081,-1,打着“经济学”名号的左派回归猿。,95755595375650d01e55b53a17c1e9ae,False,False,False,False,Minamoto,people,https://www.zhihu.com/people/95755595375650d01e55b53a17c1e9ae,minamoto-52,people,{'is_vip': False}
67,26,14,https://pic1.zhimg.com/v2-7a831dcffc50df1876a870988571019c_is.jpg,https://pic1.zhimg.com/v2-7a831dcffc50df1876a870988571019c_{size}.jpg,"[{'type': 'best_answerer', 'description': '优秀回答者', 'topics': [{'id': '19550874', 'avatar_url': 'https://pic2.zhimg.com/f126e096216e4554289b0996539b79b5_is.jpg', 'type': 'topic', 'name': '法律', 'introduction': '法律，是国家的产物，是指统治阶级（泛指政治、经济、思想形态上占支配地位的阶级），为了实现统治并管理国家的目的，经过一定立法程序，所颁布的基本法律和普通法律。法律是统治阶级意志的体现，国家的统治工具。法律是由享有立法权的立法机关（全国人民代表大会和全国人民代表大会常务委员会）行使国家立法权，依照法定程序制定、修改并颁布，并由国家强制力保证实施的基本法律和普通法律总称。包括基本法律、普通法律。法，可划分为1、宪法，2、法律，3、行政法规，4、地方性法规，5、自治条例和单行条例。宪法是高于其它法律部门（法律、行政法规、地方性法规、自治条例和单行条例）的国家根本大法，它规定国家制度和社会制度最基本的原则，公民基本权利和义务，国家机构的组织及其活动的原则等。法律是从属于宪法的强制性规范，是宪法的具体化。宪法是国家法的基础与核心，法律则是国家法的重要组成部分。法律可划分为基本法律（如刑法、刑事诉讼法、民法通则、民事诉讼法、行政诉讼法、行政法、商法、国际法等）和普通法律（如商标法、文物保护法等）。行政法规，是国家行政机关（国务院）根据宪法和法律，制定的行政规范的总称。', 'url': 'https://www.zhihu.com/topics/19550874', 'excerpt': '法律，是国家的产物，是指统治阶级（泛指政治、经济、思想形态上占支配地位的阶级），为了实现统治并管理国家的目的，经过一定立法程序，所颁布的基本法律和普通法律。法律是统治阶级意志的体现，国家的统治工具。法律是由享有立法权的立法机关（全国人民代表大会和全国人民代表大会常务委员会）行使国家立法权，依照法定程序制定、修改并颁布，并由国家强制力保证实施的基本法律和普通法律总称。包括基本法律、普通法律。法，可…'}]}]",44232,0,诉讼律师 by day 动物饲养员 by night | 专业好奇家,045a9164f40269d4f1cdfe81612865ab,False,False,False,False,Serena Locke,people,https://www.zhihu.com/people/045a9164f40269d4f1cdfe81612865ab,serena-locke,people,{'is_vip': False}
68,5,0,https://pic4.zhimg.com/4f3580f957144badbad1fea13d6ba903_is.jpg,https://pic4.zhimg.com/4f3580f957144badbad1fea13d6ba903_{size}.jpg,[],123,1,,e47ba10e4f67956e7bf59cdfaa887936,False,False,False,False,王寧,people,https://www.zhihu.com/people/e47ba10e4f67956e7bf59cdfaa887936,wang-zhu-99-42,people,{'is_vip': False}
69,106,25,https://pic2.zhimg.com/v2-48a5bfbb2e2e7bffca9f70ac2d4e707d_is.jpg,https://pic2.zhimg.com/v2-48a5bfbb2e2e7bffca9f70ac2d4e707d_{size}.jpg,[],5202,1,Quant Trading and Machine Learning,6278f3de76263033f11ca4913e91da76,False,False,False,False,Cerulean,people,https://www.zhihu.com/people/6278f3de76263033f11ca4913e91da76,cerulean-45,people,{'is_vip': False}
70,32,0,https://pic1.zhimg.com/v2-bb6baec36f6112c939b6db2bd4b4f344_is.jpg,https://pic1.zhimg.com/v2-bb6baec36f6112c939b6db2bd4b4f344_{size}.jpg,[],13,0,巾帼与读博,921f0eee5884d0d9610b1467a8988234,False,False,False,False,elements1990,people,https://www.zhihu.com/people/921f0eee5884d0d9610b1467a8988234,elements1990,people,{'is_vip': False}
71,520,318,https://pic3.zhimg.com/v2-dcc9189fcbb59729102af01da7054ebe_is.jpg,https://pic3.zhimg.com/v2-dcc9189fcbb59729102af01da7054ebe_{size}.jpg,[],107811,1,隐藏在文字背后的真实（本人言论全是胡扯，请勿当真）,c3239475688a09f3252cc320cc214ce4,False,False,False,False,弗兰克扬,people,https://www.zhihu.com/people/c3239475688a09f3252cc320cc214ce4,fu-lan-ke-yang,people,"{'vip_icon': {'night_mode_url': 'https://pic3.zhimg.com/50/v2-c9686ff064ea3579730756ac6c289978_r.png', 'url': 'https://pic2.zhimg.com/50/v2-034fefe15c83232cb448718998719d34_r.png'}, 'is_vip': True}"
72,183,0,https://pic1.zhimg.com/v2-5727c8193e3cfc17bbdd1ea441633098_is.jpg,https://pic1.zhimg.com/v2-5727c8193e3cfc17bbdd1ea441633098_{size}.jpg,[],8883,0,主角都这么弱了，反派还有什么用,5f076b6af14fbbffb576b85cf79a995b,False,False,False,False,Regina Fu,people,https://www.zhihu.com/people/5f076b6af14fbbffb576b85cf79a995b,reginaldada,people,{'is_vip': False}
73,74,31,https://pic4.zhimg.com/v2-ebfaa9dd06d2e3fe55f88893d0a84db7_is.jpg,https://pic4.zhimg.com/v2-ebfaa9dd06d2e3fe55f88893d0a84db7_{size}.jpg,[],4843,1,机器视觉与数据可视化,4e8402c020b4486553638fbe96821f99,False,False,False,False,张杰,people,https://www.zhihu.com/people/4e8402c020b4486553638fbe96821f99,zhang-jie-63-69,people,{'is_vip': False}
74,0,0,https://pic4.zhimg.com/f9920a52b4462aaa39f6d3685096ef9f_is.png,https://pic4.zhimg.com/f9920a52b4462aaa39f6d3685096ef9f_{size}.png,[],24,1,,0ac7e77fc52a0e8b78ffbed7d425b3ee,False,False,False,False,叶纸君,people,https://www.zhihu.com/people/0ac7e77fc52a0e8b78ffbed7d425b3ee,ke-yuan-ming,people,{'is_vip': False}
75,19,0,https://pic1.zhimg.com/f3bfb3188c3627a8cc160e3217913dd4_is.jpg,https://pic1.zhimg.com/f3bfb3188c3627a8cc160e3217913dd4_{size}.jpg,[],73,1,太阳的追逐者。,c0a952428795e78149854a194ec2e580,False,False,False,False,郭大卫,people,https://www.zhihu.com/people/c0a952428795e78149854a194ec2e580,guo-ren-jun-7,people,{'is_vip': False}
76,965,56,https://pic2.zhimg.com/v2-a52661a30e9ba696223826988d2e535d_is.jpg,https://pic2.zhimg.com/v2-a52661a30e9ba696223826988d2e535d_{size}.jpg,[],2935,1,世界观几近现实的人/认知论信徒/受制于心猿/高中物理教学/性向无定者,326eeec7a73d54e5b821a5df7e3cbb2b,False,False,False,False,田三川,people,https://www.zhihu.com/people/326eeec7a73d54e5b821a5df7e3cbb2b,zhao-san-chuan-24,people,{'is_vip': False}
77,94,1,https://pic3.zhimg.com/v2-4f8462c25ca6167f4618fd64cd796b52_is.jpg,https://pic3.zhimg.com/v2-4f8462c25ca6167f4618fd64cd796b52_{size}.jpg,"[{'description': '产品经理', 'type': 'identity'}]",4242,1,前端开发 / 美港股投资 / 热爱体育港片,249d776b63ba645f43087d4c04dd5138,False,False,False,False,Wei Xia,people,https://www.zhihu.com/people/249d776b63ba645f43087d4c04dd5138,weixia812,people,"{'vip_icon': {'night_mode_url': 'https://pic3.zhimg.com/50/v2-c9686ff064ea3579730756ac6c289978_r.png', 'url': 'https://pic2.zhimg.com/50/v2-034fefe15c83232cb448718998719d34_r.png'}, 'is_vip': True}"
78,644,0,https://pic2.zhimg.com/bd3ae1262099a59cfa22e8323f825add_is.jpg,https://pic2.zhimg.com/bd3ae1262099a59cfa22e8323f825add_{size}.jpg,[],6141,1,life is a struggle,67bd31515a8ba6838f2c86bd6b82a3e1,False,False,False,False,stan,people,https://www.zhihu.com/people/67bd31515a8ba6838f2c86bd6b82a3e1,pleasecounterme,people,{'is_vip': False}
79,205,12,https://pic4.zhimg.com/v2-d8138397dc6d4f5d37bf009d4d240c33_is.jpg,https://pic4.zhimg.com/v2-d8138397dc6d4f5d37bf009d4d240c33_{size}.jpg,[],2387,1,民科学研究会会员,f25ef9fa5be1251603b9c6f2875e7431,False,False,False,False,零度君,people,https://www.zhihu.com/people/f25ef9fa5be1251603b9c6f2875e7431,spacexi,people,{'is_vip': False}
80,4,6,https://pic3.zhimg.com/v2-e06263f5cc870ab12aff2c7120e23b06_is.jpg,https://pic3.zhimg.com/v2-e06263f5cc870ab12aff2c7120e23b06_{size}.jpg,"[{'description': '作家', 'type': 'identity'}]",23634,0,居住在冰岛，朝九晚五的上班族。微博@亲爱的嘉倩  ,2082159bce7843b98a61b6d68be6dd6e,False,False,False,False,嘉倩,people,https://www.zhihu.com/people/2082159bce7843b98a61b6d68be6dd6e,jia-qian-55-73,people,{'is_vip': False}
81,238,12,https://pic4.zhimg.com/v2-e98f1d8a0c254f05ddf1f1cad93d3e9f_is.jpg,https://pic4.zhimg.com/v2-e98f1d8a0c254f05ddf1f1cad93d3e9f_{size}.jpg,"[{'type': 'best_answerer', 'description': '优秀回答者', 'topics': [{'id': '19567442', 'avatar_url': 'https://pic4.zhimg.com/3ab74c927_is.jpg', 'type': 'topic', 'name': '理论物理', 'introduction': '<b>理论物理学</b>通过为现实世界建立数学模型来试图理解所有物理现象的运行机制。<b>作为一种研究方法，理论物理</b>通过「物理理论」来条理化、解释、预言物理现象。<br><br>理论物理与实验、计算并列为物理研究的三大手段，出现在全部物理门类中。<br><br>作为物理学下一个独立的二级学科，其一般包含场论、统计物理、粒子物理、引力理论、凝聚态理论、非线性物理、数学物理、量子信息等门类。', 'url': 'https://www.zhihu.com/topics/19567442', 'excerpt': '理论物理学通过为现实世界建立数学模型来试图理解所有物理现象的运行机制。作为一种研究方法，理论物理通过「物理理论」来条理化、解释、预言物理现象。 理论物理与实验、计算并列为物理研究的三大手段，出现在全部物理门类中。 作为物理学下一个独立的二级学科，其一般包含场论、统计物理、粒子物理、引力理论、凝聚态理论、非线性物理、数学物理、量子信息等门类。'}, {'id': '19556950', 'avatar_url': 'https://pic3.zhimg.com/7a7dfc72e_is.jpg', 'type': 'topic', 'name': '物理学', 'introduction': '物理学（physics）是一门自然科学，主要研究的是时空中的物质及其运动，注重于物质、能量、时空（时间/空间）三者各自的性质与彼此之间的相互关系。更广义地说，物理学探索分析大自然所发生的现象，目的是要了解其规则。<br><br>作为自然科学的带头学科，物理学研究大至宇宙，小至基本粒子等一切物质最基本的运动形式和规律，因此成为其他各自然科学学科的研究基础。它的理论结构充分地运用数学作为自己的工作语言，以实验作为检验理论正确性的唯一标准，它是当今最精密的一门自然科学学科。', 'url': 'https://www.zhihu.com/topics/19556950', 'excerpt': '物理学（physics）是一门自然科学，主要研究的是时空中的物质及其运动，注重于物质、能量、时空（时间/空间）三者各自的性质与彼此之间的相互关系。更广义地说，物理学探索分析大自然所发生的现象，目的是要了解其规则。 作为自然科学的带头学科，物理学研究大至宇宙，小至基本粒子等一切物质最基本的运动形式和规律，因此成为其他各自然科学学科的研究基础。它的理论结构充分地运用数学作为自己的工作语言，以实验作为检验理论…'}, {'id': '19577481', 'avatar_url': 'https://pic3.zhimg.com/239e4cd4a_is.jpg', 'type': 'topic', 'name': '量子物理', 'introduction': '<b>量子物理</b>，又称量子力学，是描写微观物质的一个物理学理论，与相对论一起被认为是现代物理学的两大基本支柱，许多物理学理论和科学如原子物理学、固体物理学、核物理学和粒子物理学以及其它相关的学科都是以量子力学为基础。<br><a href=""http://zh.wikipedia.org/wiki/%E9%87%8F%E5%AD%90%E5%8A%9B%E5%AD%A6"" data-editable=""true"" data-title=""量子力学"">量子力学</a>', 'url': 'https://www.zhihu.com/topics/19577481', 'excerpt': '量子物理，又称量子力学，是描写微观物质的一个物理学理论，与相对论一起被认为是现代物理学的两大基本支柱，许多物理学理论和科学如原子物理学、固体物理学、核物理学和粒子物理学以及其它相关的学科都是以量子力学为基础。 量子力学 '}]}]",13213,1,,b5a89130b81a0ad5a134b744eaa515f4,False,False,False,False,Trivial,people,https://www.zhihu.com/people/b5a89130b81a0ad5a134b744eaa515f4,anyusen,people,{'is_vip': False}
82,314,0,https://pic2.zhimg.com/v2-b380ea712a051a1d57d68c18189435bd_is.jpg,https://pic2.zhimg.com/v2-b380ea712a051a1d57d68c18189435bd_{size}.jpg,[],4037,1,要想办法解决问题，不要发泄情绪，不要说难听话。,7b9e7104d2d8f29145253e6383d4188b,False,False,False,False,重生玄德公,people,https://www.zhihu.com/people/7b9e7104d2d8f29145253e6383d4188b,han-guo-bing-5,people,{'is_vip': False}
83,53,2,https://pic4.zhimg.com/v2-2c2e9d7721971c19b45d6ce793bf08a3_is.jpg,https://pic4.zhimg.com/v2-2c2e9d7721971c19b45d6ce793bf08a3_{size}.jpg,"[{'description': '北京大学深圳研究生院 力学（先进材料与力学）博士在读', 'type': 'identity'}]",904,1,真正的大师永远都怀着一颗学徒的心,8b92d598fa5b6bdac33832d0d2486a0c,False,False,False,False,叶落知秋灬,people,https://www.zhihu.com/people/8b92d598fa5b6bdac33832d0d2486a0c,kunphysics,people,{'is_vip': False}
84,62,0,https://pic4.zhimg.com/v2-399f3beeed14b47fc7c95e5dbf16a517_is.jpg,https://pic4.zhimg.com/v2-399f3beeed14b47fc7c95e5dbf16a517_{size}.jpg,[],121,1,Natural philosopher/Cosmopolitanism,0d2655baeed03e61ee23ea0c1d584813,False,False,False,False,Cogito,people,https://www.zhihu.com/people/0d2655baeed03e61ee23ea0c1d584813,li87o,people,{'is_vip': False}
85,101,8,https://pic1.zhimg.com/v2-8257be06ec23327305b1d5c6972dc9f8_is.jpg,https://pic1.zhimg.com/v2-8257be06ec23327305b1d5c6972dc9f8_{size}.jpg,[],19739,0,,baae0961fbe1d548a8625586837af42f,False,False,False,False,贾明智读书了吗,people,https://www.zhihu.com/people/baae0961fbe1d548a8625586837af42f,zhao-xiao-hui-63-31-39,people,{'is_vip': False}
86,84,68,https://pic2.zhimg.com/v2-251836f96a8e7af0377719162d068209_is.jpg,https://pic2.zhimg.com/v2-251836f96a8e7af0377719162d068209_{size}.jpg,"[{'description': '作家、美食家', 'type': 'identity'}, {'type': 'best_answerer', 'description': '优秀回答者', 'topics': [{'id': '19551137', 'avatar_url': 'https://pic1.zhimg.com/975baaf73fd76f48ce6f05e19b176878_is.jpg', 'type': 'topic', 'name': '美食', 'introduction': '美食，顾名思义就是美味的食物，贵的有山珍海味，便宜的有街边小吃。其实美食是不分贵贱的，只要是自己喜欢的，都可以称之为美食。中国素有”烹饪王国“这个美誉。在中国这个大家庭里，我们有五十六个小家庭，每个家庭都有自己的特色美食。美食吃前有期待、吃后有回味，已不仅仅是简单的味觉感受，更是一种精神享受。享受美食也要看场合，场合好美食吃起来才有味道。世界各地美食文化博大精深，营养物质各不相同，品味更多美食，享受更多健康，也让人吃的更加开心。美食不仅仅是餐桌上的食物。还包括休闲零食、各种饼干、糕点、糖类，蜜饯、干果、肉制食品、茶饮冲泡等制品，各有各的风味，都可称之为美食', 'url': 'https://www.zhihu.com/topics/19551137', 'excerpt': '美食，顾名思义就是美味的食物，贵的有山珍海味，便宜的有街边小吃。其实美食是不分贵贱的，只要是自己喜欢的，都可以称之为美食。中国素有”烹饪王国“这个美誉。在中国这个大家庭里，我们有五十六个小家庭，每个家庭都有自己的特色美食。美食吃前有期待、吃后有回味，已不仅仅是简单的味觉感受，更是一种精神享受。享受美食也要看场合，场合好美食吃起来才有味道。世界各地美食文化博大精深，营养物质各不相同，品味更多美食，…'}]}]",336430,1,美食家、专栏作家、电视节目主持人 、中国美食纪录片《舌尖上的中国》节目总顾问,703df45e986a61a72c9ad54eb4c1c57b,False,False,False,False,蔡澜,people,https://www.zhihu.com/people/703df45e986a61a72c9ad54eb4c1c57b,cai-lan-80-17,people,{'is_vip': False}
87,5,0,https://pic1.zhimg.com/86415c04c357934a5324c4510a367648_is.jpg,https://pic1.zhimg.com/86415c04c357934a5324c4510a367648_{size}.jpg,[],116,1,二十世紀 末日未接近時出生,dae0d2b0e793632cd0068a500955f964,False,False,False,False,小宇砸,people,https://www.zhihu.com/people/dae0d2b0e793632cd0068a500955f964,peng-jia-yu,people,{'is_vip': False}
88,97,15,https://pic3.zhimg.com/ee181c39a_is.jpg,https://pic3.zhimg.com/ee181c39a_{size}.jpg,"[{'description': '理论物理学博士在读', 'type': 'identity'}, {'type': 'best_answerer', 'description': '优秀回答者', 'topics': [{'id': '19556950', 'avatar_url': 'https://pic3.zhimg.com/7a7dfc72e_is.jpg', 'type': 'topic', 'name': '物理学', 'introduction': '物理学（physics）是一门自然科学，主要研究的是时空中的物质及其运动，注重于物质、能量、时空（时间/空间）三者各自的性质与彼此之间的相互关系。更广义地说，物理学探索分析大自然所发生的现象，目的是要了解其规则。<br><br>作为自然科学的带头学科，物理学研究大至宇宙，小至基本粒子等一切物质最基本的运动形式和规律，因此成为其他各自然科学学科的研究基础。它的理论结构充分地运用数学作为自己的工作语言，以实验作为检验理论正确性的唯一标准，它是当今最精密的一门自然科学学科。', 'url': 'https://www.zhihu.com/topics/19556950', 'excerpt': '物理学（physics）是一门自然科学，主要研究的是时空中的物质及其运动，注重于物质、能量、时空（时间/空间）三者各自的性质与彼此之间的相互关系。更广义地说，物理学探索分析大自然所发生的现象，目的是要了解其规则。 作为自然科学的带头学科，物理学研究大至宇宙，小至基本粒子等一切物质最基本的运动形式和规律，因此成为其他各自然科学学科的研究基础。它的理论结构充分地运用数学作为自己的工作语言，以实验作为检验理论…'}, {'id': '19741531', 'avatar_url': 'https://pic2.zhimg.com/2c7a09d99_is.jpg', 'type': 'topic', 'name': '粒子物理学', 'introduction': '<p>粒子物理学是研究组成世界的基本粒子，以及它们之间的相互作用的物理学分支。</p>', 'url': 'https://www.zhihu.com/topics/19741531', 'excerpt': '粒子物理学是研究组成世界的基本粒子，以及它们之间的相互作用的物理学分支。'}, {'id': '19567442', 'avatar_url': 'https://pic4.zhimg.com/3ab74c927_is.jpg', 'type': 'topic', 'name': '理论物理', 'introduction': '<b>理论物理学</b>通过为现实世界建立数学模型来试图理解所有物理现象的运行机制。<b>作为一种研究方法，理论物理</b>通过「物理理论」来条理化、解释、预言物理现象。<br><br>理论物理与实验、计算并列为物理研究的三大手段，出现在全部物理门类中。<br><br>作为物理学下一个独立的二级学科，其一般包含场论、统计物理、粒子物理、引力理论、凝聚态理论、非线性物理、数学物理、量子信息等门类。', 'url': 'https://www.zhihu.com/topics/19567442', 'excerpt': '理论物理学通过为现实世界建立数学模型来试图理解所有物理现象的运行机制。作为一种研究方法，理论物理通过「物理理论」来条理化、解释、预言物理现象。 理论物理与实验、计算并列为物理研究的三大手段，出现在全部物理门类中。 作为物理学下一个独立的二级学科，其一般包含场论、统计物理、粒子物理、引力理论、凝聚态理论、非线性物理、数学物理、量子信息等门类。'}]}]",44715,1,公众号搜索 【子乾说物理】,3bcc9de6df78dc4ccef0e9f09a31795e,False,False,False,False,子乾,people,https://www.zhihu.com/people/3bcc9de6df78dc4ccef0e9f09a31795e,Dr.ziqian,people,"{'vip_icon': {'night_mode_url': 'https://pic3.zhimg.com/50/v2-c9686ff064ea3579730756ac6c289978_r.png', 'url': 'https://pic2.zhimg.com/50/v2-034fefe15c83232cb448718998719d34_r.png'}, 'is_vip': True}"
89,122,1,https://pic2.zhimg.com/v2-290fd7acd6328d4fb57bad7130dfc379_is.jpg,https://pic2.zhimg.com/v2-290fd7acd6328d4fb57bad7130dfc379_{size}.jpg,[],369,1,布朗大学化学研究生在读 本科北航,13fe2441f2562bb348766ee635c3ebec,False,False,False,False,肖之恩,people,https://www.zhihu.com/people/13fe2441f2562bb348766ee635c3ebec,xiao-zhen-65-43,people,{'is_vip': False}
90,54,0,https://pic3.zhimg.com/563dd7a1e_is.jpg,https://pic3.zhimg.com/563dd7a1e_{size}.jpg,[],360,1,Pre PhD Candidate,ba2b9884d98554ebf372ad41bf023a0b,False,False,False,False,Chan Dino,people,https://www.zhihu.com/people/ba2b9884d98554ebf372ad41bf023a0b,chan-dino,people,{'is_vip': False}
91,11,0,https://pic3.zhimg.com/edc4ecdcfd511a37dccdb56bd66a4c6a_is.jpg,https://pic3.zhimg.com/edc4ecdcfd511a37dccdb56bd66a4c6a_{size}.jpg,[],113,0,要种一棵桂花树。,34d99d2dafa5d3f5c73e7aab10b36021,False,False,False,False,Fermionian,people,https://www.zhihu.com/people/34d99d2dafa5d3f5c73e7aab10b36021,yizhouzhu,people,{'is_vip': False}
92,872,22,https://pic2.zhimg.com/v2-795f1d34b08244bae0a8d71488a17ed1_is.jpg,https://pic2.zhimg.com/v2-795f1d34b08244bae0a8d71488a17ed1_{size}.jpg,"[{'description': '北京理工大学 计算机学院讲师', 'type': 'identity'}]",87209,1,大学教书匠兼程序员一名,d127d540d194cf37387ebd4ea250ff6a,False,False,False,False,金旭亮,people,https://www.zhihu.com/people/d127d540d194cf37387ebd4ea250ff6a,jin-xu-liang,people,"{'vip_icon': {'night_mode_url': 'https://pic3.zhimg.com/50/v2-c9686ff064ea3579730756ac6c289978_r.png', 'url': 'https://pic2.zhimg.com/50/v2-034fefe15c83232cb448718998719d34_r.png'}, 'is_vip': True}"
93,48,1,https://pic2.zhimg.com/v2-d94c764fdcf7961b1e4971b2c2cb8a95_is.jpg,https://pic2.zhimg.com/v2-d94c764fdcf7961b1e4971b2c2cb8a95_{size}.jpg,[],3645,-1,,6f0dfc34e0b12947688c9c763f96f8ce,False,False,False,False,勃拉蕊丝,people,https://www.zhihu.com/people/6f0dfc34e0b12947688c9c763f96f8ce,bei-ji-xiong-43-25,people,{'is_vip': False}
94,232,71,https://pic4.zhimg.com/v2-c270f58c9a53cc3c246277f2463b480f_is.jpg,https://pic4.zhimg.com/v2-c270f58c9a53cc3c246277f2463b480f_{size}.jpg,"[{'description': '伦敦大学亚非学院 性别学博士在读', 'type': 'identity'}]",32100,0,"A h-erd, aka a hot nerd",0479036ad0f765208f09eb41d12d6f0d,False,False,False,False,龙窝里的倪纳,people,https://www.zhihu.com/people/0479036ad0f765208f09eb41d12d6f0d,dragonandleo,people,{'is_vip': False}
95,10,0,https://pic4.zhimg.com/v2-54062a4447603f5411e5d054f16f0c03_is.jpg,https://pic4.zhimg.com/v2-54062a4447603f5411e5d054f16f0c03_{size}.jpg,[],7497,0,,e1d29ad0526dd69e5fc10270c8a7d4fb,False,False,False,False,灰色小熊,people,https://www.zhihu.com/people/e1d29ad0526dd69e5fc10270c8a7d4fb,panggouzi,people,{'is_vip': False}
96,366,19,https://pic3.zhimg.com/v2-2a8484c9f74039717618d21579d96212_is.jpg,https://pic3.zhimg.com/v2-2a8484c9f74039717618d21579d96212_{size}.jpg,[],2593,1,,6f150c7da95b89a810aa0c9ad0d85f4a,False,False,False,False,Kristall Wang,people,https://www.zhihu.com/people/6f150c7da95b89a810aa0c9ad0d85f4a,Kristall-Wang,people,{'is_vip': False}
97,184,0,https://pic1.zhimg.com/v2-b47e91d5a8b209e722e617f31f349390_is.jpg,https://pic1.zhimg.com/v2-b47e91d5a8b209e722e617f31f349390_{size}.jpg,"[{'description': '华侨大学 机械工程博士在读', 'type': 'identity'}]",865,0,机械女博士在读/女魔头/常年处在男女比例10:1的环境,8ab914dbc7a8fd7c7de22eef446be89c,False,False,False,False,刘留,people,https://www.zhihu.com/people/8ab914dbc7a8fd7c7de22eef446be89c,liu-liu-39-68,people,{'is_vip': False}
98,0,0,https://pic1.zhimg.com/07c25e124d3cf6b219df0735bca754f4_is.jpg,https://pic1.zhimg.com/07c25e124d3cf6b219df0735bca754f4_{size}.jpg,[],3882,1,Ex Quant,b800fd1eaf2099684f20b9626b0f008b,False,False,False,False,盘古,people,https://www.zhihu.com/people/b800fd1eaf2099684f20b9626b0f008b,wz-32,people,{'is_vip': False}
99,104,42,https://pic4.zhimg.com/v2-8bec9d5bd4a7b338b2b91d0ce1e70ee3_is.jpg,https://pic4.zhimg.com/v2-8bec9d5bd4a7b338b2b91d0ce1e70ee3_{size}.jpg,"[{'type': 'best_answerer', 'description': '优秀回答者', 'topics': [{'id': '19554091', 'avatar_url': 'https://pic1.zhimg.com/3dc1abe04_is.jpg', 'type': 'topic', 'name': '数学', 'introduction': '数学（mathematics，源自希腊语 μάθημα（máthēma）；经常被缩写为 math 或 maths），是研究数量、结构、变化、空间以及信息等概念的一门学科。从某种角度看，属于形式科学的一种。数学家和哲学家对数学的确切范围和定义有一系列的看法。而在人类历史发展和社会生活中，数学也发挥着不可替代的作用。数学也是学习和研究现代自然科学、技术与社会科学必不可少的基本工具。', 'url': 'https://www.zhihu.com/topics/19554091', 'excerpt': '数学（mathematics，源自希腊语 μάθημα（máthēma）；经常被缩写为 math 或 maths），是研究数量、结构、变化、空间以及信息等概念的一门学科。从某种角度看，属于形式科学的一种。数学家和哲学家对数学的确切范围和定义有一系列的看法。而在人类历史发展和社会生活中，数学也发挥着不可替代的作用。数学也是学习和研究现代自然科学、技术与社会科学必不可少的基本工具。'}]}]",45853,1,QQ群1014125,a74574db96f2d0e717fc410bf90dd150,False,False,False,False,酱紫君,people,https://www.zhihu.com/people/a74574db96f2d0e717fc410bf90dd150,GalAster,people,"{'vip_icon': {'night_mode_url': 'https://pic3.zhimg.com/50/v2-c9686ff064ea3579730756ac6c289978_r.png', 'url': 'https://pic2.zhimg.com/50/v2-034fefe15c83232cb448718998719d34_r.png'}, 'is_vip': True}"
100,274,0,https://pic2.zhimg.com/v2-81d453032b6a73d3aa78597e0c1d4621_is.jpg,https://pic2.zhimg.com/v2-81d453032b6a73d3aa78597e0c1d4621_{size}.jpg,[],61318,1,我的微信公众号：单位人，我的18年官场心得，全在那里。,0785f8a1bea16fc6e4ca03ce22ea155a,False,False,False,False,我是老A,people,https://www.zhihu.com/people/0785f8a1bea16fc6e4ca03ce22ea155a,zhen-ji-94-9,people,{'is_vip': False}
101,155,69,https://pic2.zhimg.com/v2-f16f4e1f8c9c1363949786f12b2ca8dd_is.jpg,https://pic2.zhimg.com/v2-f16f4e1f8c9c1363949786f12b2ca8dd_{size}.jpg,"[{'description': '材料学博士在读', 'type': 'identity'}, {'type': 'best_answerer', 'description': '优秀回答者', 'topics': [{'id': '19562906', 'avatar_url': 'https://pic3.zhimg.com/f5b4524ab48273ed913a113d84ba009e_is.png', 'type': 'topic', 'name': '化学', 'introduction': '化学（chemistry）是自然科学的一门分支，是在分子、原子层次上研究物质的组成、性质、结构与变化规律的科学。世界由物质组成，化学则是人类用以认识和改造物质世界的主要方法和手段之一。', 'url': 'https://www.zhihu.com/topics/19562906', 'excerpt': '化学（chemistry）是自然科学的一门分支，是在分子、原子层次上研究物质的组成、性质、结构与变化规律的科学。世界由物质组成，化学则是人类用以认识和改造物质世界的主要方法和手段之一。'}]}]",5582,1,材料博士，科学松鼠会成员，公号【圆的方块】,2fe256dd4576c9a5a395bc72298e31b3,False,False,False,False,圆的方块,people,https://www.zhihu.com/people/2fe256dd4576c9a5a395bc72298e31b3,zhu-shan-36,people,{'is_vip': False}
102,341,9,https://pic4.zhimg.com/1eb9b8c7e7ddc53f26db62a3ecd99dd7_is.png,https://pic4.zhimg.com/1eb9b8c7e7ddc53f26db62a3ecd99dd7_{size}.png,"[{'description': '凝聚态物理博士在读', 'type': 'identity'}, {'type': 'best_answerer', 'description': '优秀回答者', 'topics': [{'id': '19556950', 'avatar_url': 'https://pic3.zhimg.com/7a7dfc72e_is.jpg', 'type': 'topic', 'name': '物理学', 'introduction': '物理学（physics）是一门自然科学，主要研究的是时空中的物质及其运动，注重于物质、能量、时空（时间/空间）三者各自的性质与彼此之间的相互关系。更广义地说，物理学探索分析大自然所发生的现象，目的是要了解其规则。<br><br>作为自然科学的带头学科，物理学研究大至宇宙，小至基本粒子等一切物质最基本的运动形式和规律，因此成为其他各自然科学学科的研究基础。它的理论结构充分地运用数学作为自己的工作语言，以实验作为检验理论正确性的唯一标准，它是当今最精密的一门自然科学学科。', 'url': 'https://www.zhihu.com/topics/19556950', 'excerpt': '物理学（physics）是一门自然科学，主要研究的是时空中的物质及其运动，注重于物质、能量、时空（时间/空间）三者各自的性质与彼此之间的相互关系。更广义地说，物理学探索分析大自然所发生的现象，目的是要了解其规则。 作为自然科学的带头学科，物理学研究大至宇宙，小至基本粒子等一切物质最基本的运动形式和规律，因此成为其他各自然科学学科的研究基础。它的理论结构充分地运用数学作为自己的工作语言，以实验作为检验理论…'}]}]",66564,1,聚变魔法防御术学徒/御氘术九级/伪炼晶术士,430a284aec9b5f0fc16e24e7be3eafee,False,False,False,False,小侯飞氘,people,https://www.zhihu.com/people/430a284aec9b5f0fc16e24e7be3eafee,jiehou1993,people,"{'vip_icon': {'night_mode_url': 'https://pic3.zhimg.com/50/v2-c9686ff064ea3579730756ac6c289978_r.png', 'url': 'https://pic2.zhimg.com/50/v2-034fefe15c83232cb448718998719d34_r.png'}, 'is_vip': True}"
103,2535,35,https://pic1.zhimg.com/v2-31a4ef9e4771a39c65ef34b45ae94038_is.jpg,https://pic1.zhimg.com/v2-31a4ef9e4771a39c65ef34b45ae94038_{size}.jpg,"[{'type': 'best_answerer', 'description': '优秀回答者', 'topics': [{'id': '19554091', 'avatar_url': 'https://pic1.zhimg.com/3dc1abe04_is.jpg', 'type': 'topic', 'name': '数学', 'introduction': '数学（mathematics，源自希腊语 μάθημα（máthēma）；经常被缩写为 math 或 maths），是研究数量、结构、变化、空间以及信息等概念的一门学科。从某种角度看，属于形式科学的一种。数学家和哲学家对数学的确切范围和定义有一系列的看法。而在人类历史发展和社会生活中，数学也发挥着不可替代的作用。数学也是学习和研究现代自然科学、技术与社会科学必不可少的基本工具。', 'url': 'https://www.zhihu.com/topics/19554091', 'excerpt': '数学（mathematics，源自希腊语 μάθημα（máthēma）；经常被缩写为 math 或 maths），是研究数量、结构、变化、空间以及信息等概念的一门学科。从某种角度看，属于形式科学的一种。数学家和哲学家对数学的确切范围和定义有一系列的看法。而在人类历史发展和社会生活中，数学也发挥着不可替代的作用。数学也是学习和研究现代自然科学、技术与社会科学必不可少的基本工具。'}, {'id': '19612131', 'avatar_url': 'https://pic1.zhimg.com/ba751b9c4_is.jpg', 'type': 'topic', 'name': '高等数学', 'introduction': '指相对于初等数学而言，数学的对象及方法较为繁杂的一部分。广义地说，初等数学之外的数学都是高等数学，也有将中学较深入的代数、几何以及简单的集合论初步、逻辑初步称为中等数学的，将其作为中小学阶段的初等数学与大学阶段的高等数学的过渡。通常认为，高等数学是由微积分学，较深入的代数学、几何学以及它们之间的交叉内容所形成的一门基础学科。主要内容包括：极限、微积分、空间解析几何与线性代数、级数、常微分方程。工科、理科研究生考试的基础科目。', 'url': 'https://www.zhihu.com/topics/19612131', 'excerpt': '指相对于初等数学而言，数学的对象及方法较为繁杂的一部分。广义地说，初等数学之外的数学都是高等数学，也有将中学较深入的代数、几何以及简单的集合论初步、逻辑初步称为中等数学的，将其作为中小学阶段的初等数学与大学阶段的高等数学的过渡。通常认为，高等数学是由微积分学，较深入的代数学、几何学以及它们之间的交叉内容所形成的一门基础学科。主要内容包括：极限、微积分、空间解析几何与线性代数、级数、常微分方程。工…'}, {'id': '19622000', 'avatar_url': 'https://pic4.zhimg.com/dec48fa7b5ac45ea63927d58189f0313_is.png', 'type': 'topic', 'name': '数学分析', 'introduction': '又称高级微积分，分析学中最古老、最基本的分支。一般指以微积分学和无穷级数一般理论为主要内容，并包括它们的理论基础（实数、函数和极限的基本理论）的一个较为完整的数学学科。它也是大学数学专业的一门基础课程。数学中的分析分支是专门研究实数与复数及其函数的数学分支。它的发展由微积分开始，并扩展到函数的连续性、可微分及可积分等各种特性。这些特性，有助我们应用在对物理世界的研究，研究及发现自然界的规律。', 'url': 'https://www.zhihu.com/topics/19622000', 'excerpt': '又称高级微积分，分析学中最古老、最基本的分支。一般指以微积分学和无穷级数一般理论为主要内容，并包括它们的理论基础（实数、函数和极限的基本理论）的一个较为完整的数学学科。它也是大学数学专业的一门基础课程。数学中的分析分支是专门研究实数与复数及其函数的数学分支。它的发展由微积分开始，并扩展到函数的连续性、可微分及可积分等各种特性。这些特性，有助我们应用在对物理世界的研究，研究及发现自然界的规律。'}, {'id': '19558723', 'avatar_url': 'https://pic4.zhimg.com/9cfb895b3_is.jpg', 'type': 'topic', 'name': '几何学', 'introduction': '几何学（geometry），简称几何，是研究空间、区域，及其关系的数学分支。它是数学中最基本的研究内容之一，与分析、代数等具有同样重要的地位。几何学发展历史悠长，内容丰富。它与代数、分析、数论等等关系极其密切。常见定理有勾股定理、欧拉定理、斯图尔特定理等。', 'url': 'https://www.zhihu.com/topics/19558723', 'excerpt': '几何学（geometry），简称几何，是研究空间、区域，及其关系的数学分支。它是数学中最基本的研究内容之一，与分析、代数等具有同样重要的地位。几何学发展历史悠长，内容丰富。它与代数、分析、数论等等关系极其密切。常见定理有勾股定理、欧拉定理、斯图尔特定理等。'}]}]",129326,1,  Math PhD candidate,5c05c9c0be702a0c3966f3def70e3faf,False,False,False,False,Yuhang Liu,people,https://www.zhihu.com/people/5c05c9c0be702a0c3966f3def70e3faf,yuhang-liu-34,people,"{'vip_icon': {'night_mode_url': 'https://pic3.zhimg.com/50/v2-c9686ff064ea3579730756ac6c289978_r.png', 'url': 'https://pic2.zhimg.com/50/v2-034fefe15c83232cb448718998719d34_r.png'}, 'is_vip': True}"
104,28,2,https://pic2.zhimg.com/v2-30daf6759c4736ca3db2359d0257b501_is.jpg,https://pic2.zhimg.com/v2-30daf6759c4736ca3db2359d0257b501_{size}.jpg,[],3878,0,公众号：华府工作小透明萝贝贝,5142cb09f1d64b247113154e6b109a5d,False,False,False,False,萝贝贝,people,https://www.zhihu.com/people/5142cb09f1d64b247113154e6b109a5d,ren-meng-luo,people,{'is_vip': False}
105,13,0,https://pic3.zhimg.com/v2-6619014992014aaa7c5adbd2f33eb1a6_is.jpg,https://pic3.zhimg.com/v2-6619014992014aaa7c5adbd2f33eb1a6_{size}.jpg,[],3,1,豆瓣同名。,60897b30060dae3f7463170b0303be4a,False,False,False,False,英雄爱吃西红柿,people,https://www.zhihu.com/people/60897b30060dae3f7463170b0303be4a,ying-xiong-ai-chi-xi-hong-shi,people,{'is_vip': False}
106,32,0,https://pic3.zhimg.com/v2-7ab5770628c23f8e11afa84a6d27a5e2_is.jpg,https://pic3.zhimg.com/v2-7ab5770628c23f8e11afa84a6d27a5e2_{size}.jpg,"[{'description': '中国科学技术大学 无机化学博士在读', 'type': 'identity'}]",214,1,化学搬砖狗/中科院老实人/睡浅色床单,bcbc64eeeef549e85d2eca53e3403b86,False,False,False,False,小黄doge,people,https://www.zhihu.com/people/bcbc64eeeef549e85d2eca53e3403b86,syhuang,people,{'is_vip': False}
107,41,11,https://pic3.zhimg.com/v2-59e78c3a177981893f8468f9322c5902_is.jpg,https://pic3.zhimg.com/v2-59e78c3a177981893f8468f9322c5902_{size}.jpg,"[{'description': '中国科学技术大学 工学博士', 'type': 'identity'}]",9461,1,"Not a joke, a game || Artificial Idiots",1ea573d3a076dd45bb0aabbd0308a9fb,False,False,False,False,Ender,people,https://www.zhihu.com/people/1ea573d3a076dd45bb0aabbd0308a9fb,endershadow,people,{'is_vip': False}
108,184,9,https://pic3.zhimg.com/v2-938e63a7e73fbe4f8589dc00d58deea6_is.jpg,https://pic3.zhimg.com/v2-938e63a7e73fbe4f8589dc00d58deea6_{size}.jpg,[],25937,0,L&#39;Elysium des Parfums,6446417540f4c2339d6b773c96c9a3c4,False,False,False,False,RitaW,people,https://www.zhihu.com/people/6446417540f4c2339d6b773c96c9a3c4,ritaw32,people,{'is_vip': False}
109,1198,607,https://pic2.zhimg.com/v2-194423e62b7ca304a727bdc4c45c8bd1_is.jpg,https://pic2.zhimg.com/v2-194423e62b7ca304a727bdc4c45c8bd1_{size}.jpg,"[{'type': 'best_answerer', 'description': '优秀回答者', 'topics': [{'id': '19568381', 'avatar_url': 'https://pic2.zhimg.com/v2-7226f40a6e36bcaf797df75405647b59_is.png', 'type': 'topic', 'name': '会计', 'introduction': '会计是以货币为主要计量单位，运用专门的方法，核算和监督一个单位经济活动的一种经济管理工作。会计是以货币为主要的计量单位，以凭证为主要的依据，借助于专门的技术方法，对一定单位的资金运动进行全面、综合、连续、系统的核算与监督，向有关方面提供会计信息、参与经营管理、旨在提高经济效益的一种经济管理活动。古义是集会议事。我国从周代就有了专设的会计官职，掌管赋税收入、钱银支出等财务工作，进行月计、岁会。亦即，每月零星盘算为“计”，一年总盘算为“会”，两者合在一起即成“会计”。', 'url': 'https://www.zhihu.com/topics/19568381', 'excerpt': '会计是以货币为主要计量单位，运用专门的方法，核算和监督一个单位经济活动的一种经济管理工作。会计是以货币为主要的计量单位，以凭证为主要的依据，借助于专门的技术方法，对一定单位的资金运动进行全面、综合、连续、系统的核算与监督，向有关方面提供会计信息、参与经营管理、旨在提高经济效益的一种经济管理活动。古义是集会议事。我国从周代就有了专设的会计官职，掌管赋税收入、钱银支出等财务工作，进行月计、岁会。亦即…'}, {'id': '19564876', 'avatar_url': 'https://pic1.zhimg.com/a240a363b7d7e0681502017c57b0ba20_is.jpg', 'type': 'topic', 'name': '财务', 'introduction': '财务泛指财务活动和财务关系。前者指企业再生产过程中涉及资金的活动，表明财务的形式特征; 后者指财务活动中企业和各方面的经济关系，揭示财务的内容本质。因此，概括说来，企业财务就是企业再生产过程中的资金运动，体现着企业和各方面的经济关系。财务不仅是国民经济各部门、各单位在物质资料再生产过程中客观存在的资金运动及资金运动过程中所体现的经济关系，更主要的是财产和债务，即资产和负债等。', 'url': 'https://www.zhihu.com/topics/19564876', 'excerpt': '财务泛指财务活动和财务关系。前者指企业再生产过程中涉及资金的活动，表明财务的形式特征; 后者指财务活动中企业和各方面的经济关系，揭示财务的内容本质。因此，概括说来，企业财务就是企业再生产过程中的资金运动，体现着企业和各方面的经济关系。财务不仅是国民经济各部门、各单位在物质资料再生产过程中客观存在的资金运动及资金运动过程中所体现的经济关系，更主要的是财产和债务，即资产和负债等。'}, {'id': '19576933', 'avatar_url': 'https://pic2.zhimg.com/f468b937d_is.jpg', 'type': 'topic', 'name': '财报', 'introduction': '财报通常是指财务报告，财务报表一般是指三表，而财务报告不仅指三表还包括附注说明或完整的财务分析等。', 'url': 'https://www.zhihu.com/topics/19576933', 'excerpt': '财报通常是指财务报告，财务报表一般是指三表，而财务报告不仅指三表还包括附注说明或完整的财务分析等。'}]}]",89188,1,公众号:诗与星空/《上市公司财报分析实战》作者,9113e8ad024e7db473f8a9ed3f88b898,False,False,False,False,路过银河,people,https://www.zhihu.com/people/9113e8ad024e7db473f8a9ed3f88b898,glaxyrover,people,"{'vip_icon': {'night_mode_url': 'https://pic3.zhimg.com/50/v2-c9686ff064ea3579730756ac6c289978_r.png', 'url': 'https://pic2.zhimg.com/50/v2-034fefe15c83232cb448718998719d34_r.png'}, 'is_vip': True}"
110,7,0,https://pic3.zhimg.com/v2-9046b08da0415b5e9f8817de03eb5ad2_is.jpg,https://pic3.zhimg.com/v2-9046b08da0415b5e9f8817de03eb5ad2_{size}.jpg,[],2939,0,www.tcxx.info | 精通Shoolang,5636892f0eed90ae92c64e156209a888,False,False,False,False,甜菜欣欣,people,https://www.zhihu.com/people/5636892f0eed90ae92c64e156209a888,tiancaixinxin,people,{'is_vip': False}
111,361,78,https://pic3.zhimg.com/v2-cf4996a628541fb2adfc9cbc0e5b0d3a_is.jpg,https://pic3.zhimg.com/v2-cf4996a628541fb2adfc9cbc0e5b0d3a_{size}.jpg,"[{'type': 'best_answerer', 'description': '优秀回答者', 'topics': [{'id': '19550874', 'avatar_url': 'https://pic2.zhimg.com/f126e096216e4554289b0996539b79b5_is.jpg', 'type': 'topic', 'name': '法律', 'introduction': '法律，是国家的产物，是指统治阶级（泛指政治、经济、思想形态上占支配地位的阶级），为了实现统治并管理国家的目的，经过一定立法程序，所颁布的基本法律和普通法律。法律是统治阶级意志的体现，国家的统治工具。法律是由享有立法权的立法机关（全国人民代表大会和全国人民代表大会常务委员会）行使国家立法权，依照法定程序制定、修改并颁布，并由国家强制力保证实施的基本法律和普通法律总称。包括基本法律、普通法律。法，可划分为1、宪法，2、法律，3、行政法规，4、地方性法规，5、自治条例和单行条例。宪法是高于其它法律部门（法律、行政法规、地方性法规、自治条例和单行条例）的国家根本大法，它规定国家制度和社会制度最基本的原则，公民基本权利和义务，国家机构的组织及其活动的原则等。法律是从属于宪法的强制性规范，是宪法的具体化。宪法是国家法的基础与核心，法律则是国家法的重要组成部分。法律可划分为基本法律（如刑法、刑事诉讼法、民法通则、民事诉讼法、行政诉讼法、行政法、商法、国际法等）和普通法律（如商标法、文物保护法等）。行政法规，是国家行政机关（国务院）根据宪法和法律，制定的行政规范的总称。', 'url': 'https://www.zhihu.com/topics/19550874', 'excerpt': '法律，是国家的产物，是指统治阶级（泛指政治、经济、思想形态上占支配地位的阶级），为了实现统治并管理国家的目的，经过一定立法程序，所颁布的基本法律和普通法律。法律是统治阶级意志的体现，国家的统治工具。法律是由享有立法权的立法机关（全国人民代表大会和全国人民代表大会常务委员会）行使国家立法权，依照法定程序制定、修改并颁布，并由国家强制力保证实施的基本法律和普通法律总称。包括基本法律、普通法律。法，可…'}]}]",95137,1,公众号：逻格斯说法,083832882790ea86630a6a055be9e336,False,False,False,False,逻格斯,people,https://www.zhihu.com/people/083832882790ea86630a6a055be9e336,linjian0325,people,"{'vip_icon': {'night_mode_url': 'https://pic3.zhimg.com/50/v2-c9686ff064ea3579730756ac6c289978_r.png', 'url': 'https://pic2.zhimg.com/50/v2-034fefe15c83232cb448718998719d34_r.png'}, 'is_vip': True}"
112,1465,4,https://pic1.zhimg.com/6d2063d9c_is.jpg,https://pic1.zhimg.com/6d2063d9c_{size}.jpg,[],2446,1,无话题经验,61567126d95153acc5ae61099d564a6d,False,False,False,False,Xie Yipeng,people,https://www.zhihu.com/people/61567126d95153acc5ae61099d564a6d,SEUPPP,people,{'is_vip': False}
113,83,86,https://pic1.zhimg.com/v2-9ad895bea4cfc7065ef2e2502ec5a36c_is.jpg,https://pic1.zhimg.com/v2-9ad895bea4cfc7065ef2e2502ec5a36c_{size}.jpg,"[{'description': '麻省理工学院 机械工程博士', 'type': 'identity'}, {'type': 'best_answerer', 'description': '优秀回答者', 'topics': [{'id': '19815465', 'avatar_url': 'https://pic1.zhimg.com/beaf456a8_is.jpg', 'type': 'topic', 'name': '量化交易', 'introduction': '', 'url': 'https://www.zhihu.com/topics/19815465', 'excerpt': ''}]}]",13759,1,量化投资,65c35f508b1bd677362f91e2313b5771,False,False,False,False,石川,people,https://www.zhihu.com/people/65c35f508b1bd677362f91e2313b5771,mitcshi,people,"{'vip_icon': {'night_mode_url': 'https://pic3.zhimg.com/50/v2-c9686ff064ea3579730756ac6c289978_r.png', 'url': 'https://pic2.zhimg.com/50/v2-034fefe15c83232cb448718998719d34_r.png'}, 'is_vip': True}"
114,312,44,https://pic1.zhimg.com/v2-9d4e41be4b13e23c1a0ba845fe0f3310_is.jpg,https://pic1.zhimg.com/v2-9d4e41be4b13e23c1a0ba845fe0f3310_{size}.jpg,[],11312,1,一个很皮的历史老师，另：上份工作在银行,581cbfaca7135312bcf734fe05390a2d,False,False,False,False,黄耶鲁,people,https://www.zhihu.com/people/581cbfaca7135312bcf734fe05390a2d,qin-yi-67-72,people,{'is_vip': False}
115,35,7,https://pic1.zhimg.com/v2-6a2544e0e293ad1475217c5a62e50930_is.jpg,https://pic1.zhimg.com/v2-6a2544e0e293ad1475217c5a62e50930_{size}.jpg,[],6707,0,Computer Vision/Convex Optimization/Machine Learning,37d6251c27e6163ddc30da7c77769ada,False,False,False,False,如懿,people,https://www.zhihu.com/people/37d6251c27e6163ddc30da7c77769ada,tianjinxiaohai,people,{'is_vip': False}
116,10,0,https://pic3.zhimg.com/dc73ad0ca6bf0f634f7a59a4e6d2906e_is.jpg,https://pic3.zhimg.com/dc73ad0ca6bf0f634f7a59a4e6d2906e_{size}.jpg,[],9,0,,892460c3ec7d6569592a5bd93d1c1392,False,False,False,False,Shirley X,people,https://www.zhihu.com/people/892460c3ec7d6569592a5bd93d1c1392,shirleyyx,people,{'is_vip': False}
117,4,0,https://pic2.zhimg.com/v2-28e2e3d8ea82dd80d33458d7f1ae7365_is.jpg,https://pic2.zhimg.com/v2-28e2e3d8ea82dd80d33458d7f1ae7365_{size}.jpg,[],4,1,祖国的花朵。,5363ddf990c169b363b404a8dcb22c3a,False,False,False,False,海芋先森,people,https://www.zhihu.com/people/5363ddf990c169b363b404a8dcb22c3a,hu-wan-66,people,{'is_vip': False}
118,7,0,https://pic1.zhimg.com/v2-8745f22582ab049f6a05b039585cfe90_is.jpg,https://pic1.zhimg.com/v2-8745f22582ab049f6a05b039585cfe90_{size}.jpg,[],12234,-1,,3c310ad18ac319eff7c1b4a0c7aca463,False,False,False,False,Yuzheng Wang,people,https://www.zhihu.com/people/3c310ad18ac319eff7c1b4a0c7aca463,yuzheng-wang-78,people,{'is_vip': False}
119,121,15,https://pic4.zhimg.com/v2-0642d7807ba486b5cf33723732452103_is.jpg,https://pic4.zhimg.com/v2-0642d7807ba486b5cf33723732452103_{size}.jpg,"[{'description': '中国科学院大学 卡弗里理论科学研究所博士后', 'type': 'identity'}, {'type': 'best_answerer', 'description': '优秀回答者', 'topics': [{'id': '19556950', 'avatar_url': 'https://pic3.zhimg.com/7a7dfc72e_is.jpg', 'type': 'topic', 'name': '物理学', 'introduction': '物理学（physics）是一门自然科学，主要研究的是时空中的物质及其运动，注重于物质、能量、时空（时间/空间）三者各自的性质与彼此之间的相互关系。更广义地说，物理学探索分析大自然所发生的现象，目的是要了解其规则。<br><br>作为自然科学的带头学科，物理学研究大至宇宙，小至基本粒子等一切物质最基本的运动形式和规律，因此成为其他各自然科学学科的研究基础。它的理论结构充分地运用数学作为自己的工作语言，以实验作为检验理论正确性的唯一标准，它是当今最精密的一门自然科学学科。', 'url': 'https://www.zhihu.com/topics/19556950', 'excerpt': '物理学（physics）是一门自然科学，主要研究的是时空中的物质及其运动，注重于物质、能量、时空（时间/空间）三者各自的性质与彼此之间的相互关系。更广义地说，物理学探索分析大自然所发生的现象，目的是要了解其规则。 作为自然科学的带头学科，物理学研究大至宇宙，小至基本粒子等一切物质最基本的运动形式和规律，因此成为其他各自然科学学科的研究基础。它的理论结构充分地运用数学作为自己的工作语言，以实验作为检验理论…'}, {'id': '19577481', 'avatar_url': 'https://pic3.zhimg.com/239e4cd4a_is.jpg', 'type': 'topic', 'name': '量子物理', 'introduction': '<b>量子物理</b>，又称量子力学，是描写微观物质的一个物理学理论，与相对论一起被认为是现代物理学的两大基本支柱，许多物理学理论和科学如原子物理学、固体物理学、核物理学和粒子物理学以及其它相关的学科都是以量子力学为基础。<br><a href=""http://zh.wikipedia.org/wiki/%E9%87%8F%E5%AD%90%E5%8A%9B%E5%AD%A6"" data-editable=""true"" data-title=""量子力学"">量子力学</a>', 'url': 'https://www.zhihu.com/topics/19577481', 'excerpt': '量子物理，又称量子力学，是描写微观物质的一个物理学理论，与相对论一起被认为是现代物理学的两大基本支柱，许多物理学理论和科学如原子物理学、固体物理学、核物理学和粒子物理学以及其它相关的学科都是以量子力学为基础。 量子力学 '}]}]",5269,1,凝聚态理论,e0854e05a3746712b1f5273699bfbee9,False,False,False,False,苗舰舰,people,https://www.zhihu.com/people/e0854e05a3746712b1f5273699bfbee9,miao-jian-jian,people,{'is_vip': False}
120,313,46,https://pic4.zhimg.com/8d72ebbcf_is.jpg,https://pic4.zhimg.com/8d72ebbcf_{size}.jpg,[],2171,1,,a8e959765610e165e21c90ae57a1f9d0,False,False,False,False,段丞博,people,https://www.zhihu.com/people/a8e959765610e165e21c90ae57a1f9d0,duan-cheng-bo,people,{'is_vip': False}
121,501,75,https://pic4.zhimg.com/v2-20e8b10618866b1bbdd282aaff488dcb_is.jpg,https://pic4.zhimg.com/v2-20e8b10618866b1bbdd282aaff488dcb_{size}.jpg,[],23264,1,Python后端B站UP主。慕课网搜 Python 面试课程,a552436535aaff6df7edd7700b59f80b,False,False,False,False,PegasusWang,people,https://www.zhihu.com/people/a552436535aaff6df7edd7700b59f80b,pegasus-wang,people,{'is_vip': False}
122,239,509,https://pic3.zhimg.com/v2-539d398e670504a955bd27fcd49bb6ae_is.jpg,https://pic3.zhimg.com/v2-539d398e670504a955bd27fcd49bb6ae_{size}.jpg,"[{'description': '已认证的官方帐号', 'type': 'identity'}]",228678,-1,让一部分人先看到未来,51c786c4b15ffc61ae18fdb44f1c5848,False,False,False,True,36氪,people,https://www.zhihu.com/people/51c786c4b15ffc61ae18fdb44f1c5848,36-ke,organization,{'is_vip': False}
123,59,12,https://pic1.zhimg.com/v2-7b574c88cccb51ae12f3ede5496cb230_is.jpg,https://pic1.zhimg.com/v2-7b574c88cccb51ae12f3ede5496cb230_{size}.jpg,[],6299,1,天仪研究院CEO  航天领域创业者,70ffba93a2b96de8dee70d6323c8a418,False,False,False,False,杨峰,people,https://www.zhihu.com/people/70ffba93a2b96de8dee70d6323c8a418,yang-feng-69-28-75,people,{'is_vip': False}
124,139,38,https://pic2.zhimg.com/v2-f525d5df7d614418849303e0af335655_is.jpg,https://pic2.zhimg.com/v2-f525d5df7d614418849303e0af335655_{size}.jpg,"[{'description': '牛津大学 材料学博士在读', 'type': 'identity'}]",13018,1,【公众号：九牛问津】国家公派，牛津招办，DIY留学干货高产王,93233c259118c6568e32d83da0211231,False,False,False,False,Gus Goodman,people,https://www.zhihu.com/people/93233c259118c6568e32d83da0211231,gus-goodman,people,{'is_vip': False}
125,66,0,https://pic1.zhimg.com/v2-fc71f60b15bf08dc3e723a5f5a3ee6bc_is.jpg,https://pic1.zhimg.com/v2-fc71f60b15bf08dc3e723a5f5a3ee6bc_{size}.jpg,[],33,0,"分析化学PhD在读/MBA初尝试/CFA考证中/微流控,/Point of care",358d034bade6196f49b9e355e7b8f31f,False,False,False,False,理工汪networking,people,https://www.zhihu.com/people/358d034bade6196f49b9e355e7b8f31f,hou-yu-ting-35-14,people,{'is_vip': False}
126,12,0,https://pic2.zhimg.com/v2-28736e830080945e4f15126f0878065d_is.jpg,https://pic2.zhimg.com/v2-28736e830080945e4f15126f0878065d_{size}.jpg,[],42266,1,每条评论都会回复,ce349339425d524c939214b47c476f3b,False,False,False,False,莎漠,people,https://www.zhihu.com/people/ce349339425d524c939214b47c476f3b,ha-ha-13-11,people,{'is_vip': False}
127,56,380,https://pic2.zhimg.com/v2-072a3986b951fc38db7835ce55257539_is.jpg,https://pic2.zhimg.com/v2-072a3986b951fc38db7835ce55257539_{size}.jpg,[],49440,-1,公众号：「投研帮」，各式各样的投资idea，只用大白话说,0c98220e4be89bae8e897818f5a32140,False,False,False,False,投研帮,people,https://www.zhihu.com/people/0c98220e4be89bae8e897818f5a32140,touyanbang,people,{'is_vip': False}
128,339,24,https://pic3.zhimg.com/1a03d814a_is.jpg,https://pic3.zhimg.com/1a03d814a_{size}.jpg,[],1008,1,"Http://haobo.li,LabVIEW认证架构师。",0df2dfb75d7e0012cf815ba046b53d9f,False,False,False,False,李浩博,people,https://www.zhihu.com/people/0df2dfb75d7e0012cf815ba046b53d9f,li-hao-bo,people,{'is_vip': False}
129,21,0,https://pic2.zhimg.com/995648161_is.jpg,https://pic2.zhimg.com/995648161_{size}.jpg,[],548,1,PhD of nano but Master of none,cd7112c8b6a251d922074681b0f022f9,False,False,False,False,Shawn,people,https://www.zhihu.com/people/cd7112c8b6a251d922074681b0f022f9,seanchen8981,people,{'is_vip': False}
130,57,6,https://pic3.zhimg.com/v2-ae63ae3647ab6d64b25e2e448cc7a9fe_is.jpg,https://pic3.zhimg.com/v2-ae63ae3647ab6d64b25e2e448cc7a9fe_{size}.jpg,[],249,1,monkey learning,12b0dcc40d2e23c7afb86bcad3f88a8d,False,False,False,False,铁马冰河入梦来,people,https://www.zhihu.com/people/12b0dcc40d2e23c7afb86bcad3f88a8d,97154358,people,{'is_vip': False}
131,266,0,https://pic4.zhimg.com/v2-4658b1fbd0c4af7b62db5399d824a523_is.jpg,https://pic4.zhimg.com/v2-4658b1fbd0c4af7b62db5399d824a523_{size}.jpg,[],2437,1,高分子材料博士/MBA/油气化工/交易员/摄影师/健身爱好者,9480a3acd64834132538b0e5fb0071c4,False,False,False,False,月夜麒麟,people,https://www.zhihu.com/people/9480a3acd64834132538b0e5fb0071c4,yfhong60,people,{'is_vip': False}
132,9,0,https://pic3.zhimg.com/v2-8dd5bca166cacb4ca109f6a950e2520a_is.jpg,https://pic3.zhimg.com/v2-8dd5bca166cacb4ca109f6a950e2520a_{size}.jpg,"[{'description': '美国费米国家实验室 粒子物理部助理研究员', 'type': 'identity'}]",1090,1,物理,b01ff96a7107729e061953b5c4a987a6,False,False,False,False,刘真,people,https://www.zhihu.com/people/b01ff96a7107729e061953b5c4a987a6,liu-zhen-phys,people,{'is_vip': False}
133,455,0,https://pic2.zhimg.com/v2-dbe282cede199c11f0669486eb48c529_is.jpg,https://pic2.zhimg.com/v2-dbe282cede199c11f0669486eb48c529_{size}.jpg,[],1527,1,公众号：读思之所。一个有门槛有干货的纯阅读公号。,1bc1e7cc72492fc3d20b2d5ad4f3c39b,False,False,False,False,orgchem saint,people,https://www.zhihu.com/people/1bc1e7cc72492fc3d20b2d5ad4f3c39b,orgchem-saint,people,{'is_vip': False}
134,1982,30,https://pic2.zhimg.com/v2-d4f49c9f241ccfa5265c4c9716010425_is.jpg,https://pic2.zhimg.com/v2-d4f49c9f241ccfa5265c4c9716010425_{size}.jpg,"[{'type': 'best_answerer', 'description': '优秀回答者', 'topics': [{'id': '19554091', 'avatar_url': 'https://pic1.zhimg.com/3dc1abe04_is.jpg', 'type': 'topic', 'name': '数学', 'introduction': '数学（mathematics，源自希腊语 μάθημα（máthēma）；经常被缩写为 math 或 maths），是研究数量、结构、变化、空间以及信息等概念的一门学科。从某种角度看，属于形式科学的一种。数学家和哲学家对数学的确切范围和定义有一系列的看法。而在人类历史发展和社会生活中，数学也发挥着不可替代的作用。数学也是学习和研究现代自然科学、技术与社会科学必不可少的基本工具。', 'url': 'https://www.zhihu.com/topics/19554091', 'excerpt': '数学（mathematics，源自希腊语 μάθημα（máthēma）；经常被缩写为 math 或 maths），是研究数量、结构、变化、空间以及信息等概念的一门学科。从某种角度看，属于形式科学的一种。数学家和哲学家对数学的确切范围和定义有一系列的看法。而在人类历史发展和社会生活中，数学也发挥着不可替代的作用。数学也是学习和研究现代自然科学、技术与社会科学必不可少的基本工具。'}, {'id': '19622000', 'avatar_url': 'https://pic4.zhimg.com/dec48fa7b5ac45ea63927d58189f0313_is.png', 'type': 'topic', 'name': '数学分析', 'introduction': '又称高级微积分，分析学中最古老、最基本的分支。一般指以微积分学和无穷级数一般理论为主要内容，并包括它们的理论基础（实数、函数和极限的基本理论）的一个较为完整的数学学科。它也是大学数学专业的一门基础课程。数学中的分析分支是专门研究实数与复数及其函数的数学分支。它的发展由微积分开始，并扩展到函数的连续性、可微分及可积分等各种特性。这些特性，有助我们应用在对物理世界的研究，研究及发现自然界的规律。', 'url': 'https://www.zhihu.com/topics/19622000', 'excerpt': '又称高级微积分，分析学中最古老、最基本的分支。一般指以微积分学和无穷级数一般理论为主要内容，并包括它们的理论基础（实数、函数和极限的基本理论）的一个较为完整的数学学科。它也是大学数学专业的一门基础课程。数学中的分析分支是专门研究实数与复数及其函数的数学分支。它的发展由微积分开始，并扩展到函数的连续性、可微分及可积分等各种特性。这些特性，有助我们应用在对物理世界的研究，研究及发现自然界的规律。'}]}]",102736,1,Ph.D. in Mathematics,b532310544a84d3a9280f25f02a12180,False,False,False,False,dhchen,people,https://www.zhihu.com/people/b532310544a84d3a9280f25f02a12180,dhchen,people,"{'vip_icon': {'night_mode_url': 'https://pic3.zhimg.com/50/v2-c9686ff064ea3579730756ac6c289978_r.png', 'url': 'https://pic2.zhimg.com/50/v2-034fefe15c83232cb448718998719d34_r.png'}, 'is_vip': True}"
135,26,0,https://pic2.zhimg.com/v2-106663e35998cf593c0da998664cfccd_is.jpg,https://pic2.zhimg.com/v2-106663e35998cf593c0da998664cfccd_{size}.jpg,"[{'description': '作家 代表作《龙头凤尾》', 'type': 'identity'}]",67235,1,香港著名作家，文化评论学者 公众号：馬家輝在香港,2294fc7339263e14c2ebc74300cc2614,False,False,False,False,马家辉,people,https://www.zhihu.com/people/2294fc7339263e14c2ebc74300cc2614,ma-jia-hui-10,people,"{'vip_icon': {'night_mode_url': 'https://pic3.zhimg.com/50/v2-c9686ff064ea3579730756ac6c289978_r.png', 'url': 'https://pic2.zhimg.com/50/v2-034fefe15c83232cb448718998719d34_r.png'}, 'is_vip': True}"
136,51,1,https://pic3.zhimg.com/v2-9ef545906edf57ceb2d7213affea383e_is.jpg,https://pic3.zhimg.com/v2-9ef545906edf57ceb2d7213affea383e_{size}.jpg,[],1381,0,剑桥大学生化系博士生,76e29ec0bca698742e4edcb61e241e20,False,False,False,False,Christina,people,https://www.zhihu.com/people/76e29ec0bca698742e4edcb61e241e20,chen-bi-he-43,people,{'is_vip': False}
137,81,0,https://pic1.zhimg.com/da8e974dc_is.jpg,https://pic1.zhimg.com/da8e974dc_{size}.jpg,[],132,1,Multitasking,649b03da8cb737d7c21a7695dbc5fde4,False,False,False,False,马耀光,people,https://www.zhihu.com/people/649b03da8cb737d7c21a7695dbc5fde4,bnhsx,people,{'is_vip': False}
138,61,0,https://pic2.zhimg.com/v2-dd4678ab690b513b40fb68f1054afcb9_is.jpg,https://pic2.zhimg.com/v2-dd4678ab690b513b40fb68f1054afcb9_{size}.jpg,[],843,0,牙膏妹/INFP/女权主义/高分子,d5b0ccd18fa7f68f3cf24875cce88594,False,False,False,False,MelodyK,people,https://www.zhihu.com/people/d5b0ccd18fa7f68f3cf24875cce88594,Melody49,people,{'is_vip': False}
139,43,35,https://pic4.zhimg.com/v2-8982de3a9b745bf07ffa05e315ef5ca3_is.jpg,https://pic4.zhimg.com/v2-8982de3a9b745bf07ffa05e315ef5ca3_{size}.jpg,"[{'type': 'best_answerer', 'description': '优秀回答者', 'topics': [{'id': '19559855', 'avatar_url': 'https://pic2.zhimg.com/55448f975_is.jpg', 'type': 'topic', 'name': '电池技术', 'introduction': '', 'url': 'https://www.zhihu.com/topics/19559855', 'excerpt': ''}]}]",21989,1,材料-锂电-储能-新能源汽车,d8e0762e768c8fc0cf86c49a6632f983,False,False,False,False,弗雷刘,people,https://www.zhihu.com/people/d8e0762e768c8fc0cf86c49a6632f983,fu-lei-liu,people,{'is_vip': False}
140,3,0,https://pic3.zhimg.com/v2-24b73e13bc997102559024b1e1bf21ae_is.jpg,https://pic3.zhimg.com/v2-24b73e13bc997102559024b1e1bf21ae_{size}.jpg,[],5,1,,27adf18a36cca2a718079e8513818573,False,False,False,False,风迟雨急,people,https://www.zhihu.com/people/27adf18a36cca2a718079e8513818573,liu-jun-chen-28,people,{'is_vip': False}
141,106,0,https://pic1.zhimg.com/7f4f1682913860d8b074aef913399044_is.png,https://pic1.zhimg.com/7f4f1682913860d8b074aef913399044_{size}.png,[],1888,1,物理化学|https://github.com/stecue/fixcjk,aed486a2b06751908b334a16831f5ebf,False,False,False,False,猫立刻,people,https://www.zhihu.com/people/aed486a2b06751908b334a16831f5ebf,mol-le-kel,people,"{'vip_icon': {'night_mode_url': 'https://pic3.zhimg.com/50/v2-c9686ff064ea3579730756ac6c289978_r.png', 'url': 'https://pic2.zhimg.com/50/v2-034fefe15c83232cb448718998719d34_r.png'}, 'is_vip': True}"
142,0,0,https://pic3.zhimg.com/v2-abfb4f14ad00c3512d20cfb55c66369a_is.jpg,https://pic3.zhimg.com/v2-abfb4f14ad00c3512d20cfb55c66369a_{size}.jpg,[],2,1,Chemist,6898a60564749636fb2a3e19be35faf8,False,False,False,False,Sean J,people,https://www.zhihu.com/people/6898a60564749636fb2a3e19be35faf8,xiaofengguo,people,{'is_vip': False}
143,68,0,https://pic3.zhimg.com/40c8610ec25f6eb508de4c7e05dc9272_is.jpg,https://pic3.zhimg.com/40c8610ec25f6eb508de4c7e05dc9272_{size}.jpg,[],14493,1,不靠谱的证券分析师，有一搭没一搭的书虫,22e975e7303a8da30ebb7ac1da23e59b,False,False,False,False,心经,people,https://www.zhihu.com/people/22e975e7303a8da30ebb7ac1da23e59b,he-yi-bo-7,people,{'is_vip': False}
144,105,9,https://pic3.zhimg.com/v2-1a1157bbeef9ba8b1ee87d2891e51622_is.jpg,https://pic3.zhimg.com/v2-1a1157bbeef9ba8b1ee87d2891e51622_{size}.jpg,[],697,-1,失败人士，傻瓜,27e5907844aeb5024d3bd90713c4bfee,False,False,False,False,千瓦时,people,https://www.zhihu.com/people/27e5907844aeb5024d3bd90713c4bfee,kong-wei-hua-55,people,{'is_vip': False}
145,45,1,https://pic4.zhimg.com/v2-d232654de39174083e23ad8a72ca4823_is.jpg,https://pic4.zhimg.com/v2-d232654de39174083e23ad8a72ca4823_{size}.jpg,[],177,1,U.C.A.S PhD.,4e110f765cc5f9a6c0814cc0de2e03ce,False,False,False,False,MingmingRuyue,people,https://www.zhihu.com/people/4e110f765cc5f9a6c0814cc0de2e03ce,18171017987,people,{'is_vip': False}
146,24,0,https://pic2.zhimg.com/3150d64a000d5985669d1e7bf937833d_is.jpg,https://pic2.zhimg.com/3150d64a000d5985669d1e7bf937833d_{size}.jpg,[],4047,1,梭哈，还是梭哈！数字货币量化交易与投资，传统私募交易员。,f33672c4d66ec9a726da3cae965f29ba,False,False,False,False,拔萝卜,people,https://www.zhihu.com/people/f33672c4d66ec9a726da3cae965f29ba,ba-luo-bu-91,people,{'is_vip': False}
147,811,34,https://pic1.zhimg.com/73360cb3c_is.jpg,https://pic1.zhimg.com/73360cb3c_{size}.jpg,"[{'description': '美国凯斯西储大学 高分子博士', 'type': 'identity'}]",13960,1,微信公众号：欧阳朝云,98e60c255f9fdb976cc43f08e8df4418,False,False,False,False,欧阳朝云,people,https://www.zhihu.com/people/98e60c255f9fdb976cc43f08e8df4418,ouyangchaoyun,people,{'is_vip': False}
148,17,0,https://pic3.zhimg.com/v2-ca517b18b0c11d10769097a250f76e06_is.jpg,https://pic3.zhimg.com/v2-ca517b18b0c11d10769097a250f76e06_{size}.jpg,[],111,1,北美核工程博士\狂热NBA迷\狂热电影迷\业余NFL迷,0297a4cbd98e8dec99ccabc95b43034b,False,False,False,False,老白,people,https://www.zhihu.com/people/0297a4cbd98e8dec99ccabc95b43034b,feng-jin-yong-94,people,{'is_vip': False}
149,407,462,https://pic1.zhimg.com/v2-9f62cb7cf5fd6abb06893e96e631eb10_is.jpg,https://pic1.zhimg.com/v2-9f62cb7cf5fd6abb06893e96e631eb10_{size}.jpg,"[{'description': '海德堡大学 交叉学科计算中心离散与组合优化实验室研究员', 'type': 'identity'}]",55946,1,德国无人驾驶研发工程师，美国运筹学硕博，海德堡大学AI博士。,961e8cc4f7512fda1ea6626ce9a05e8e,False,False,False,False,留德华叫兽,people,https://www.zhihu.com/people/961e8cc4f7512fda1ea6626ce9a05e8e,ruobingshen,people,"{'vip_icon': {'night_mode_url': 'https://pic3.zhimg.com/50/v2-c9686ff064ea3579730756ac6c289978_r.png', 'url': 'https://pic2.zhimg.com/50/v2-034fefe15c83232cb448718998719d34_r.png'}, 'is_vip': True}"
150,199,0,https://pic3.zhimg.com/bc763221737c8d7b7fd4a74ae52cf0ae_is.jpg,https://pic3.zhimg.com/bc763221737c8d7b7fd4a74ae52cf0ae_{size}.jpg,[],103,0,学生,755a6f7f100dd2966eb4e63cb777989f,False,False,False,False,刘哲钦,people,https://www.zhihu.com/people/755a6f7f100dd2966eb4e63cb777989f,liu-zhe-qin-9,people,{'is_vip': False}
151,841,13,https://pic4.zhimg.com/v2-539beda84f182ed78bc66641e4101fb7_is.jpg,https://pic4.zhimg.com/v2-539beda84f182ed78bc66641e4101fb7_{size}.jpg,[],176001,0,,3938fbee46e5aca3da5646a260eed1dc,False,False,False,False,纪大发,people,https://www.zhihu.com/people/3938fbee46e5aca3da5646a260eed1dc,ji-da-fa-37,people,{'is_vip': False}
152,11,9,https://pic3.zhimg.com/v2-4b7169b9d907f5bdcb8a061d9887b732_is.jpg,https://pic3.zhimg.com/v2-4b7169b9d907f5bdcb8a061d9887b732_{size}.jpg,[],5449,1,学术界EDC/Nano/PhD/已转行,5d6460ba7157f21c8d87e8df818dc4b0,False,False,False,False,云天,people,https://www.zhihu.com/people/5d6460ba7157f21c8d87e8df818dc4b0,yun-tian-38,people,{'is_vip': False}
153,195,0,https://pic2.zhimg.com/v2-341f816d290cf2ff102c635a6a15a961_is.jpg,https://pic2.zhimg.com/v2-341f816d290cf2ff102c635a6a15a961_{size}.jpg,[],8219,0,全世界模仿唐老鸭最像的设计师兼乐队主唱,e5e3b038f97a43cbfdc2ac11cc422bb3,False,False,False,False,酸馊小甜瓜,people,https://www.zhihu.com/people/e5e3b038f97a43cbfdc2ac11cc422bb3,milkyko1990,people,"{'vip_icon': {'night_mode_url': 'https://pic3.zhimg.com/50/v2-c9686ff064ea3579730756ac6c289978_r.png', 'url': 'https://pic2.zhimg.com/50/v2-034fefe15c83232cb448718998719d34_r.png'}, 'is_vip': True}"
154,3,4,https://pic1.zhimg.com/v2-f6ed24a0120f38e9c2fc25bd90fae364_is.jpg,https://pic1.zhimg.com/v2-f6ed24a0120f38e9c2fc25bd90fae364_{size}.jpg,[],178,-1,Dropped PhD candidate in MSE,6f3e1374a8719b60a7eb688b676407a6,False,False,False,False,低二,people,https://www.zhihu.com/people/6f3e1374a8719b60a7eb688b676407a6,PNASCIENCE,people,{'is_vip': False}
155,144,6,https://pic2.zhimg.com/v2-7387260a9e9b9d5f3ce347bbb9b734c9_is.jpg,https://pic2.zhimg.com/v2-7387260a9e9b9d5f3ce347bbb9b734c9_{size}.jpg,[],1786,1,一击脱离式吐槽,30a405b57810df7e8f68b96bcd8fde5d,False,False,False,False,Marisa Hakurei,people,https://www.zhihu.com/people/30a405b57810df7e8f68b96bcd8fde5d,marisa-hakurei,people,{'is_vip': False}
156,12,181,https://pic2.zhimg.com/v2-8a45ca7a44be6f2ecf03d132046ab011_is.jpg,https://pic2.zhimg.com/v2-8a45ca7a44be6f2ecf03d132046ab011_{size}.jpg,[],100769,-1,一档满足百科知识好奇心的短视频节目，都是些你不知道的。,260cef38e0e41877331fe36a04faaed8,False,False,False,False,混乱博物馆,people,https://www.zhihu.com/people/260cef38e0e41877331fe36a04faaed8,chaosmuseum,people,{'is_vip': False}
157,36,0,https://pic4.zhimg.com/v2-da68cecf2028dfc46e3dcb0a145202ef_is.jpg,https://pic4.zhimg.com/v2-da68cecf2028dfc46e3dcb0a145202ef_{size}.jpg,[],4823,1,"计算机视觉 / 图像处理博士 / PLA退役少校
私信免提问，提问请用值乎！",61442c09b0eab1216f3d5fd643e5075a,False,False,False,False,陈运锦,people,https://www.zhihu.com/people/61442c09b0eab1216f3d5fd643e5075a,chen-yun-jin-5,people,{'is_vip': False}
158,160,1,https://pic3.zhimg.com/v2-edd6b299dabf7510c3d91962c6d54f4e_is.jpg,https://pic3.zhimg.com/v2-edd6b299dabf7510c3d91962c6d54f4e_{size}.jpg,[],1899,0,我好想和你谈恋爱 ，这算不算表白,ce2a59fd01caf618303cfeee52538e85,False,False,False,False,樱桃不淘,people,https://www.zhihu.com/people/ce2a59fd01caf618303cfeee52538e85,ran-ran-64-57,people,{'is_vip': False}
159,148,0,https://pic2.zhimg.com/6afd68932493b902a1f88b728adb0a05_is.jpg,https://pic2.zhimg.com/6afd68932493b902a1f88b728adb0a05_{size}.jpg,[],10207,0,J.D. 在读 想要成为一名青年法师,95770aa7bc2490415d21bb8201b39ef3,False,False,False,False,Joyce Fan,people,https://www.zhihu.com/people/95770aa7bc2490415d21bb8201b39ef3,fanxiaotian,people,{'is_vip': False}
